CREATE DATABASE DB_SOLICITUDES

USE DB_SOLICITUDES;

--==============================================================================================================--
--========================================TABLA PARA ALMACENAR LOS ROLES========================================--
CREATE TABLE ROL(
	ID_ROL NUMERIC(9) NOT NULL,
	NOMBRE_ROL VARCHAR(45) NOT NULL,

	PRIMARY KEY (ID_ROL)
);

--------------------SP PARA CONSULTAR TODOS LOS ROLES
CREATE PROCEDURE SP_LISTAR_ROLES
AS BEGIN
	SELECT * FROM ROL;
END

--------------------INSERTAR ROLES
INSERT INTO ROL(ID_ROL,NOMBRE_ROL) VALUES(1,'Usuario');
INSERT INTO ROL(ID_ROL,NOMBRE_ROL) VALUES(2,'Administrador');
--==============================================================================================================--
--
--==============================================================================================================--
--========================================TABLA PAR ALMACENAR ESTADO DE SOLICITUDES=============================--
CREATE TABLE ESTADO_SOLICITUD(
	ID_ESTADO NUMERIC (9) NOT NULL,
	NOMBRE_ESTADO VARCHAR(20) NOT NULL,

	PRIMARY KEY (ID_ESTADO)
);

--------------------SP PARA CONSULTAR TODOS LOS ESTADOS DE LAS SOLICITUDES
CREATE PROCEDURE SP_LISTAR_ESTADO_SOLICITUD
AS BEGIN
	SELECT * FROM ESTADO_SOLICITUD;
END

--------------------INSERTAR ESTADO DE SOLICITUD
INSERT INTO ESTADO_SOLICITUD(ID_ESTADO,NOMBRE_ESTADO) VALUES (1,'Asignado');
INSERT INTO ESTADO_SOLICITUD(ID_ESTADO,NOMBRE_ESTADO) VALUES (2,'Cerrado');
--==============================================================================================================--
--
--==============================================================================================================--
--========================================TABLA PARA ALMACENAR EL TIPO DE SOLICITUD=============================--
CREATE TABLE TIPO_SOLICITUD(
	ID_TIPO NUMERIC (9) NOT NULL,
	NOMBRE VARCHAR(50) NOT NULL,

	PRIMARY KEY (ID_TIPO)
);

--------------------SP PARA CONSULTAR TODOS LOS TIPOS DE SOLICITUD
CREATE PROCEDURE SP_LISTAR_TIPOS_SOLICITUD
AS BEGIN
	SELECT * FROM TIPO_SOLICITUD;
END

EXECUTE SP_LISTAR_TIPOS_SOLICITUD
--------------------INSERTAR TIPO_SOLICITUD
INSERT INTO TIPO_SOLICITUD(ID_TIPO, NOMBRE) VALUES (1,'Renta de vehículo');
INSERT INTO TIPO_SOLICITUD(ID_TIPO, NOMBRE) VALUES (2,'Factura');
INSERT INTO TIPO_SOLICITUD(ID_TIPO, NOMBRE) VALUES (3,'Garantía');
INSERT INTO TIPO_SOLICITUD(ID_TIPO, NOMBRE) VALUES (4,'Centro de Costo');
INSERT INTO TIPO_SOLICITUD(ID_TIPO, NOMBRE) VALUES (5,'Cliente en ERP');
INSERT INTO TIPO_SOLICITUD(ID_TIPO, NOMBRE) VALUES (6,'Especies Fiscales');
INSERT INTO TIPO_SOLICITUD(ID_TIPO, NOMBRE) VALUES (7,'Caso TI');

--==============================================================================================================--
--
--==============================================================================================================--
--========================================TABLA PARA ALMACENAR USUARIOS=========================================--
CREATE TABLE USUARIO(
	ID_USUARIO NUMERIC(9) NOT NULL,
	NOMBRE VARCHAR(20) NOT NULL,
	ID_ROL NUMERIC(9) NOT NULL,
	CONTRASENIA VARCHAR(9) NOT NULL,
	CORREO VARCHAR(100) NOT NULL,

	PRIMARY KEY (ID_USUARIO),
	FOREIGN KEY (ID_ROL) REFERENCES ROL(ID_ROL)
);

--TABLA PARA ALMACENAR LAS SOLICITUDES
CREATE TABLE SOLICITUD(
	ID_SOLICITUD NUMERIC(9) NOT NULL,
	TITULO VARCHAR(50) NOT NULL,
	TIPO_SOLICITUD NUMERIC(9) NOT NULL,
	ID_SOLICITANTE NUMERIC(9) NOT NULL,
	DESCRIPCION VARCHAR(500) NOT NULL,
	ID_ESTADO NUMERIC(9) NOT NULL,
	ID_PROPIETARIO NUMERIC(9) NOT NULL,
	FECHA_CREACION DATETIME NOT NULL,
	FECHA_MODIFICACION DATETIME NOT NULL,

	PRIMARY KEY(ID_SOLICITUD),
	FOREIGN KEY(TIPO_SOLICITUD) REFERENCES TIPO_SOLICITUD(ID_TIPO),
	FOREIGN KEY(ID_SOLICITANTE) REFERENCES USUARIO(ID_USUARIO),
	FOREIGN KEY(ID_PROPIETARIO) REFERENCES USUARIO(ID_USUARIO),
	FOREIGN KEY(ID_ESTADO) REFERENCES ESTADO_SOLICITUD(ID_ESTADO)
);

--TABLA PARA ALMACENAR LOS MENSAJES
CREATE TABLE MENSAJE(
	ID_MENSAJE NUMERIC(9) NOT NULL,
	DESCRIPCION VARCHAR(500) NOT NULL,
	ID_SOLICITUD NUMERIC(9) NOT NULL,
	ID_USUARIO_COMENTA NUMERIC(9) NOT NULL,
	FECHA_CREACION DATETIME NOT NULL,

	PRIMARY KEY (ID_MENSAJE),
	FOREIGN KEY (ID_SOLICITUD) REFERENCES SOLICITUD(ID_SOLICITUD),
	FOREIGN KEY (ID_USUARIO_COMENTA) REFERENCES USUARIO(ID_USUARIO)
);

--TABLA PARA ALMACENAR ARCHIVOS
CREATE TABLE ARCHIVO(
	ID_ARCHIVO INT IDENTITY NOT NULL,
	NOMBRE_ARCHIVO VARCHAR(255) NOT NULL,
	ARCHIVO VARBINARY(MAX) NOT NULL,
	EXTENSION CHAR(4) NOT NULL,
	ID_SOLICITUD NUMERIC(9) NOT NULL,
	ID_MENSAJE NUMERIC(9),

	PRIMARY KEY (ID_ARCHIVO),
	FOREIGN KEY (ID_MENSAJE) REFERENCES MENSAJE(ID_MENSAJE),
	FOREIGN KEY (ID_SOLICITUD) REFERENCES SOLICITUD(ID_SOLICITUD)
)

USE DB_SOLICITUDES;

--------------------------------INSERTAR ADJUNTO
CREATE PROCEDURE SP_INSERTAR_ADJUNTO
	@NOMBRE_ARCHIVO VARCHAR(255),
	@ARCHIVO VARBINARY(MAX),
	@EXTENSION CHAR(4),
	@ID_SOLICITUD NUMERIC(9),
	@ID_MENSAJE NUMERIC(9)
AS BEGIN
	INSERT INTO ARCHIVO(NOMBRE_ARCHIVO,ARCHIVO,EXTENSION,ID_SOLICITUD,ID_MENSAJE)
		SELECT @NOMBRE_ARCHIVO, @ARCHIVO, @EXTENSION, @ID_SOLICITUD, @ID_MENSAJE
		--FROM OPENROWSET(BULK @ARCHIVO, SINGLE_BLOB) AS MyAlias
END

--------------------------------ELIMINAR ADJUNTO
CREATE PROCEDURE SP_ELIMINAR_ADJUNTO
	@ID_ARCHIVO INT
AS BEGIN
	DELETE FROM ARCHIVO WHERE ID_ARCHIVO = @ID_ARCHIVO
END
GO

--------------------------------LISTAR ADJUNTO
CREATE PROCEDURE SP_LISTAR_ADJUNTO
	@ID_ARCHIVO INT
AS BEGIN
	SELECT * FROM ARCHIVO WHERE ID_ARCHIVO = @ID_ARCHIVO
END

--------------------------------LISTAR ADJUNTOS
CREATE PROCEDURE SP_CONSULTAR_ADJUNTOS
AS BEGIN
	SELECT * FROM ARCHIVO
END

--------------------------------LISTAR ADJUNTOS DE CADA SOLICITUD
CREATE PROCEDURE SP_CONSULTAR_ADJUNTO_SOLICITUD
	@ID_SOICITUD NUMERIC(9)
AS BEGIN
	SELECT * FROM ARCHIVO WHERE ID_SOLICITUD = @ID_SOICITUD
END




INSERT INTO ARCHIVO(NOMBRE_ARCHIVO,ARCHIVO,EXTENSION,ID_SOLICITUD,ID_MENSAJE)
SELECT 'oc-ss', BULKCOLUMN,'pdf',2,1
FROM OPENROWSET(BULK N'C:\Users\pablo.elizondo\Desktop\oc-ss.pdf',SINGLE_BLOB) AS MyAlias;

EXEC SP_CONSULTAR_ADJUNTO_SOLICITUD 2;
EXEC SP_LISTAR_ADJUNTO 13;
EXEC SP_ELIMINAR_ADJUNTO 11;
EXEC SP_CONSULTAR_ADJUNTOS;

SELECT * FROM ARCHIVO;
SELECT * FROM MENSAJE;
SELECT * FROM SOLICITUD;
DELETE ARCHIVO WHERE ID_ARCHIVO = 8;

USE DB_SOLICITUDES;

EXEC sp_configure filestream_access_level, 2
RECONFIGURE






------------------------------------------------------------------------INSERTAR USUARIOS
INSERT INTO USUARIO(ID_USUARIO,NOMBRE,ID_ROL,CONTRASENIA,CORREO) VALUES (114600419,'Bayardo García',1,114600419,'bayardo.garcia@cfscr.com');
INSERT INTO USUARIO(ID_USUARIO,NOMBRE,ID_ROL,CONTRASENIA,CORREO) VALUES (115310239,'Caterina Leandro',1,115310239,'caterina.leandro@cfscr.com');
INSERT INTO USUARIO(ID_USUARIO,NOMBRE,ID_ROL,CONTRASENIA,CORREO) VALUES (107960395,'Christian Ferraro',1,107960395,'cferraro@cfscr.com');
INSERT INTO USUARIO(ID_USUARIO,NOMBRE,ID_ROL,CONTRASENIA,CORREO) VALUES (604150122,'Daniel Barrantes',1,604150122,'daniel.barrantes@cfscr.com');
INSERT INTO USUARIO(ID_USUARIO,NOMBRE,ID_ROL,CONTRASENIA,CORREO) VALUES (113280662,'Daniel Rojas',1,113280662,'daniel.rojas@cfscr.com');
INSERT INTO USUARIO(ID_USUARIO,NOMBRE,ID_ROL,CONTRASENIA,CORREO) VALUES (207380783,'Diego Campos',1,207380783,'diego.campos@cfscr.com');
INSERT INTO USUARIO(ID_USUARIO,NOMBRE,ID_ROL,CONTRASENIA,CORREO) VALUES (503500286,'Diego Quirós',1,503500286,'diego.quiros@cfscr.com');
INSERT INTO USUARIO(ID_USUARIO,NOMBRE,ID_ROL,CONTRASENIA,CORREO) VALUES (207970459,'Eney Fernández',1,207970459,'eney.fernandez@cfscr.com');
INSERT INTO USUARIO(ID_USUARIO,NOMBRE,ID_ROL,CONTRASENIA,CORREO) VALUES (115810935,'Karen Otárola',1,115810935,'karen.otarola@cfscr.com');
INSERT INTO USUARIO(ID_USUARIO,NOMBRE,ID_ROL,CONTRASENIA,CORREO) VALUES (205720654,'Karla Méndez',1,205720654,'karla.mendez@cfscr.com');
INSERT INTO USUARIO(ID_USUARIO,NOMBRE,ID_ROL,CONTRASENIA,CORREO) VALUES (116240818,'Lorena Salas',1,116240818,'lorena.salas@cfscr.com');
INSERT INTO USUARIO(ID_USUARIO,NOMBRE,ID_ROL,CONTRASENIA,CORREO) VALUES (503900733,'Luis Briceño',1,503900733,'luis.briceno@cfscr.com');
INSERT INTO USUARIO(ID_USUARIO,NOMBRE,ID_ROL,CONTRASENIA,CORREO) VALUES (604190122,'Luis Morales',1,604190122,'luis.morales@cfscr.com');
INSERT INTO USUARIO(ID_USUARIO,NOMBRE,ID_ROL,CONTRASENIA,CORREO) VALUES (206800159,'Marco Quesada',1,206800159,'marco.quesada@cfscr.com');
INSERT INTO USUARIO(ID_USUARIO,NOMBRE,ID_ROL,CONTRASENIA,CORREO) VALUES (503930470,'María Jesús',1,503930470,'maria.gonzalez@cfscr.com');
INSERT INTO USUARIO(ID_USUARIO,NOMBRE,ID_ROL,CONTRASENIA,CORREO) VALUES (115520996,'María José',1,115520996,'maria.cordero@cfscr.com');
INSERT INTO USUARIO(ID_USUARIO,NOMBRE,ID_ROL,CONTRASENIA,CORREO) VALUES (801060313,'Neyling Góngora',1,801060313,'neyling.gongora@cfscr.com');
INSERT INTO USUARIO(ID_USUARIO,NOMBRE,ID_ROL,CONTRASENIA,CORREO) VALUES (304120956,'Pablo Barquero',1,304120956,'pablo.barquero@cfscr.com');
INSERT INTO USUARIO(ID_USUARIO,NOMBRE,ID_ROL,CONTRASENIA,CORREO) VALUES (117270025,'Pablo Elizondo',2,117270025,'pablo.elizondo@cfscr.com');
INSERT INTO USUARIO(ID_USUARIO,NOMBRE,ID_ROL,CONTRASENIA,CORREO) VALUES (504060728,'Pablo Quirós',1,504060728,'pablo.quiros@cfscr.com');
INSERT INTO USUARIO(ID_USUARIO,NOMBRE,ID_ROL,CONTRASENIA,CORREO) VALUES (303930769,'Pedro Ramos',1,303930769,'pedro.ramos@cfscr.com');
INSERT INTO USUARIO(ID_USUARIO,NOMBRE,ID_ROL,CONTRASENIA,CORREO) VALUES (108880390,'Randall Zamora',1,108880390,'randall.zamora@cfscr.com');
INSERT INTO USUARIO(ID_USUARIO,NOMBRE,ID_ROL,CONTRASENIA,CORREO) VALUES (206980526,'Ricardo Ramírez',1,206980526,'ricardo.ramirez@cfscr.com');
INSERT INTO USUARIO(ID_USUARIO,NOMBRE,ID_ROL,CONTRASENIA,CORREO) VALUES (401810841,'Rocío González',1,401810841,'rocio.gonzalez@cfscr.com');
INSERT INTO USUARIO(ID_USUARIO,NOMBRE,ID_ROL,CONTRASENIA,CORREO) VALUES (111480892,'Rosemary Rodríguez',1,111480892,'recepcion@cfscr.com');
INSERT INTO USUARIO(ID_USUARIO,NOMBRE,ID_ROL,CONTRASENIA,CORREO) VALUES (702190417,'Sergio Pacheco',1,702190417,'sergio.pacheco@cfscr.com');
INSERT INTO USUARIO(ID_USUARIO,NOMBRE,ID_ROL,CONTRASENIA,CORREO) VALUES (114710567,'Sharon Hernández',1,114710567,'sharon.hernandez@cfscr.com');
INSERT INTO USUARIO(ID_USUARIO,NOMBRE,ID_ROL,CONTRASENIA,CORREO) VALUES (114620942,'Valeria Rodríguez',1,114620942,'valeria.rodriguez@cfscr.com');
INSERT INTO USUARIO(ID_USUARIO,NOMBRE,ID_ROL,CONTRASENIA,CORREO) VALUES (305180678,'Valeria Dittel',1,305180678,'valeria.dittel@cfscr.com');

--117270025 es el solicitante
INSERT INTO SOLICITUD(ID_SOLICITUD,TITULO,TIPO_SOLICITUD,ID_SOLICITANTE,DESCRIPCION,ID_ESTADO,ID_PROPIETARIO,FECHA_CREACION,FECHA_MODIFICACION)
	VALUES(1,'Solicitud7',1,114620942,'Descripcion de la solicitud 1',1,117270025,'2023-11-13 10:33:59.843','2023-11-13 10:33:59.843');

-----------------------------------------------------------------------------------------------------
-----------------------CREACION DE PROCEDIMIENTOS ALMACENADOS
USE DB_SOLICITUDES;
--------------------------------INSERTAR USUARIO
CREATE PROCEDURE SP_INSERTAR_USUARIO
	@ID_USUARIO NUMERIC(9),
	@NOMBRE VARCHAR(20),
	@ID_ROL NUMERIC(1),
	@CONTRASENIA VARCHAR(9)
AS BEGIN
	INSERT INTO USUARIO(ID_USUARIO,NOMBRE,ID_ROL,CONTRASENIA)
		VALUES(@ID_USUARIO,@NOMBRE,@ID_ROL,@CONTRASENIA)
END

--------------------------------ELIMINAR USUARIO
CREATE PROCEDURE SP_ELIMINAR_USUARIO
	@ID_USUARIO NUMERIC(9)
AS BEGIN
	DELETE FROM USUARIO WHERE ID_USUARIO = @ID_USUARIO
END 
GO

--------------------------------LISTAR USUARIOS
CREATE PROCEDURE SP_LISTAR_USUARIOS
AS BEGIN
	SELECT * FROM USUARIO;
END

--------------------------------LISTAR USUARIO
CREATE PROCEDURE SP_CONSULTAR_USUARIO
	@ID_USUARIO NUMERIC(9)
AS BEGIN
	SELECT * FROM USUARIO WHERE ID_USUARIO = @ID_USUARIO;
END

--------------------------------LISTAR USUARIO LOGIN
CREATE PROCEDURE SP_CONSULTAR_USUARIO_LOGIN
	@ID_USUARIO NUMERIC(9),
	@CONTRASENIA VARCHAR(9)
AS BEGIN
	SELECT * FROM USUARIO WHERE ID_USUARIO = @ID_USUARIO AND CONTRASENIA LIKE @CONTRASENIA;
END

USE DB_SOLICITUDES;

SP_CONSULTAR_USUARIO_LOGIN 117270025,117270025;

--------------------------------ACTUALIZAR USUARIO
CREATE PROCEDURE SP_ACTUALIZAR_USUARIO
	@ID_USUARIO NUMERIC(9),
	@NOMBRE VARCHAR(20),
	@ID_ROL NUMERIC(1),
	@CONTRASENIA VARCHAR(9)
AS BEGIN
	UPDATE USUARIO
	SET ID_USUARIO = @ID_USUARIO,
		NOMBRE = @NOMBRE,
		ID_ROL = @ID_ROL,
		CONTRASENIA = @CONTRASENIA
	WHERE ID_USUARIO = @ID_USUARIO
END

--------------------------------------------------------------------------------------------------------------------
-------------------------------------------------------------------------INSERTAR SOLICITUD
CREATE PROCEDURE SP_INSERTAR_SOLICITUD
	@ID_SOLICITUD NUMERIC(9),
	@TITULO VARCHAR(50),
	@TIPO_SOLICITUD VARCHAR(10),
	@ID_SOLICITANTE NUMERIC(9),
	@DESCRIPCION VARCHAR(500),
	@ID_ESTADO VARCHAR(20),
	@ID_PROPIETARIO NUMERIC(9),
	@FECHA_CREACION DATETIME,
	@FECHA_MODIFICACION DATETIME
AS BEGIN
	INSERT INTO SOLICITUD(ID_SOLICITUD, TITULO, TIPO_SOLICITUD, ID_SOLICITANTE, DESCRIPCION, ID_ESTADO, ID_PROPIETARIO, FECHA_CREACION, FECHA_MODIFICACION)
		VALUES(@ID_SOLICITUD, @TITULO, @TIPO_SOLICITUD, @ID_SOLICITANTE, @DESCRIPCION, @ID_ESTADO, @ID_PROPIETARIO, @FECHA_CREACION, @FECHA_MODIFICACION)
END

-------------------------------------------------------------------------ELIMINAR SOLICITUD
CREATE PROCEDURE SP_ELIMINAR_SOLICITUD
	@ID_SOLICITUD NUMERIC(9)
AS BEGIN
	DELETE FROM SOLICITUD WHERE ID_SOLICITUD = @ID_SOLICITUD
END 
GO

-------------------------------------------------------------------------LISTAR TODAS LAS SOLICITUDES
CREATE PROCEDURE SP_LISTAR_SOLICITUDES
AS BEGIN
	SELECT * FROM SOLICITUD;
END

--------------------------------LISTAR TODAS LAS SOLICITUDES DE UN USUARIO
CREATE PROCEDURE SP_LISTAR_SOLICITUDES_USUARIO
	@ID_PROPIETARIO NUMERIC(9)
AS BEGIN
	SELECT * FROM SOLICITUD WHERE ID_PROPIETARIO = @ID_PROPIETARIO;
END

CREATE PROCEDURE SP_LISTAR_SOLICITUDES_SOLICITANTE
	@ID_SOLICITANTE NUMERIC(9)
AS BEGIN
	SELECT * FROM SOLICITUD WHERE ID_SOLICITANTE = @ID_SOLICITANTE
END

EXEC SP_LISTAR_SOLICITUDES_SOLICITANTE 114620942;

--------------------------------LISTAR SOLICITUDES ABIERTAS DE UN USUARIO
CREATE PROCEDURE SP_LISTAR_SOLICITUDES_ABIERTAS_USUARIO
	@ID_PROPIETARIO NUMERIC(9)
AS BEGIN
	SELECT * FROM SOLICITUD WHERE ID_PROPIETARIO = @ID_PROPIETARIO AND ID_ESTADO = 1;
END

CREATE PROCEDURE SP_LISTAR_SOLICITUDES_ABIERTAS_SOLICITANTE
	@ID_SOLICITANTE NUMERIC(9)
AS BEGIN
	SELECT * FROM SOLICITUD WHERE ID_SOLICITANTE = @ID_SOLICITANTE AND ID_ESTADO = 1;
END;

EXEC SP_LISTAR_SOLICITUDES_ABIERTAS_SOLICITANTE 117270025;

--------------------------------LISTAR SOLICITUDES CERRADAS DE UN USUARIO
CREATE PROCEDURE SP_LISTAR_SOLICITUDES_CERRADAS_USUARIO
	@ID_PROPIETARIO NUMERIC(9)
AS BEGIN
	SELECT * FROM SOLICITUD WHERE ID_PROPIETARIO = @ID_PROPIETARIO AND ID_ESTADO = 2;
END

CREATE PROCEDURE SP_LISTAR_SOLICITUDES_CERRADAS_SOLICITANTE
	@ID_SOLICITANTE NUMERIC(9)
AS BEGIN
	SELECT * FROM SOLICITUD WHERE ID_SOLICITANTE = @ID_SOLICITANTE AND ID_ESTADO = 2;
END;

EXEC SP_LISTAR_SOLICITUDES_CERRADAS_SOLICITANTE 114620942;
EXEC SP_LISTAR_SOLICITUDES_CERRADAS_USUARIO 117270025;

-------------------------------------------------------------------------CONSULTAR UNA SOLICITUD
CREATE PROCEDURE SP_CONSULTAR_SOLICITUD
	@ID_SOLICITUD NUMERIC(9)
AS BEGIN
	SELECT * FROM SOLICITUD WHERE ID_SOLICITUD = @ID_SOLICITUD;
END

USE DB_SOLICITUDES
EXEC SP_CONSULTAR_SOLICITUD 1

-------------------------------------------------------------------------ACTUALIZAR SOLICITUD
CREATE PROCEDURE SP_ACTUALIZAR_SOLICITUD
	@ID_SOLICITUD NUMERIC(9),
	@TITULO VARCHAR(50),
	@TIPO_SOLICITUD VARCHAR(10),
	@ID_SOLICITANTE	NUMERIC(9),
	@DESCRIPCION VARCHAR(500),
	@ID_ESTADO	 VARCHAR(20),
	@ID_PROPIETARIO NUMERIC(9),
	@FECHA_CREACION DATETIME,
	@FECHA_MODIFICACION DATETIME
AS BEGIN
	UPDATE SOLICITUD
	SET ID_SOLICITUD = @ID_SOLICITUD,
		TITULO = @TITULO,
		TIPO_SOLICITUD = @TIPO_SOLICITUD,
		ID_SOLICITANTE = @ID_SOLICITANTE,
		DESCRIPCION = @DESCRIPCION,
		ID_ESTADO = @ID_ESTADO,
		ID_PROPIETARIO = @ID_PROPIETARIO,
		FECHA_CREACION = @FECHA_CREACION,
		FECHA_MODIFICACION = @FECHA_MODIFICACION
	WHERE ID_SOLICITUD = @ID_SOLICITUD
END

USE DB_SOLICITUDES;

EXEC SP_ACTUALIZAR_SOLICITUD 1,'Solicitud7',1,114620942,'Descripcion de la solicitud 1',1,117270025,'2023-11-13 10:33:59.843','2023-11-13 10:33:59.843'
EXEC SP_ACTUALIZAR_SOLICITUD 2,'Asignar a cerrado',7,117270025,'Mi nuevo caso',1,116240818,'2023-05-30 00:00:00.000','2023-08-01 00:00:00.000'

SELECT * FROM SOLICITUD;

DELETE SOLICITUD WHERE ID_SOLICITUD = 8;

-----------------------------------------------------------------------------------------------------
--------------------------------INSERTAR MENSAJE
CREATE PROCEDURE SP_INSERTAR_MENSAJE
	@ID_MENSAJE NUMERIC(9),
	@DESCRIPCION VARCHAR(500),
	@ID_SOLICITUD NUMERIC(9),
	@ID_USUARIO_COMENTA NUMERIC(9),
	@FECHA_CREACION DATETIME
AS BEGIN
	INSERT INTO MENSAJE(ID_MENSAJE, DESCRIPCION, ID_SOLICITUD, ID_USUARIO_COMENTA, FECHA_CREACION)
		VALUES(@ID_MENSAJE, @DESCRIPCION, @ID_SOLICITUD, @ID_USUARIO_COMENTA, @FECHA_CREACION)
END

--------------------------------ELIMINAR MENSAJE
CREATE PROCEDURE SP_ELIMINAR_MENSAJE
	@ID_MENSAJE NUMERIC(9)
AS BEGIN
	DELETE FROM MENSAJE WHERE ID_MENSAJE = @ID_MENSAJE
END 
GO

--------------------------------LISTAR MENSAJES
CREATE PROCEDURE SP_LISTAR_MENSAJES
AS BEGIN
	SELECT * FROM MENSAJE;
END

USE DB_SOLICITUDES
--------------------------------LISTAR MENSAJES DE UNA SOLICITUD
CREATE PROCEDURE SP_LISTAR_MENSAJES_SOLICITUD
	@ID_SOLICITUD NUMERIC(9)
AS BEGIN
	SELECT * FROM MENSAJE WHERE ID_SOLICITUD = @ID_SOLICITUD;
END

EXEC SP_LISTAR_MENSAJES_SOLICITUD 1;

--------------------------------CONSULTAR MENSAJE
CREATE PROCEDURE SP_CONSULTAR_MENSAJE
	@ID_MENSAJE NUMERIC(9)
AS BEGIN
	SELECT * FROM MENSAJE WHERE ID_MENSAJE = @ID_MENSAJE;
END

--------------------------------ACTUALIZAR MENSAJE
CREATE PROCEDURE SP_ACTUALIZAR_MENSAJE
	@ID_MENSAJE NUMERIC(9),
	@DESCRIPCION VARCHAR(500),
	@ID_SOLICITUD NUMERIC(9),
	@ID_USUARIO_COMENTA	NUMERIC(9),
	@FECHA_CREACION	DATETIME
AS BEGIN
	UPDATE MENSAJE
	SET ID_MENSAJE = @ID_MENSAJE,
		DESCRIPCION	= @DESCRIPCION,
		ID_SOLICITUD = @ID_SOLICITUD,
		ID_USUARIO_COMENTA = @ID_USUARIO_COMENTA,
		FECHA_CREACION = @FECHA_CREACION
	WHERE ID_MENSAJE = @ID_MENSAJE
END

USE DB_SOLICITUDES;

DROP TABLE ROL;
DROP TABLE ESTADO_SOLICITUD;

DROP TABLE USUARIO;
DROP TABLE MENSAJE;
DROP TABLE SOLICITUD;
DROP TABLE TIPO_SOLICITUD;

DROP PROCEDURE SP_INSERTAR_USUARIO;
DROP PROCEDURE SP_ELIMINAR_USUARIO;
DROP PROCEDURE SP_LISTAR_USUARIOS;
DROP PROCEDURE SP_CONSULTAR_USUARIO;
DROP PROCEDURE SP_ACTUALIZAR_USUARIO;
DROP PROCEDURE SP_CONSULTAR_USUARIO_LOGIN;

DROP PROCEDURE SP_INSERTAR_SOLICITUD;
DROP PROCEDURE SP_ELIMINAR_SOLICITUD;
DROP PROCEDURE SP_LISTAR_SOLICITUDES;
DROP PROCEDURE SP_CONSULTAR_SOLICITUD;
DROP PROCEDURE SP_ACTUALIZAR_SOLICITUD;

DROP PROCEDURE SP_INSERTAR_MENSAJE;
DROP PROCEDURE SP_ELIMINAR_MENSAJE;
DROP PROCEDURE SP_LISTAR_MENSAJES;
DROP PROCEDURE SP_CONSULTAR_MENSAJE;
DROP PROCEDURE SP_ACTUALIZAR_MENSAJE;

DROP PROCEDURE SP_LISTAR_ESTADO_SOLICITUD;
DROP PROCEDURE SP_LISTAR_MENSAJES_SOLICITUD;
DROP PROCEDURE SP_LISTAR_ROLES;
DROP PROCEDURE SP_LISTAR_SOLICITUDES_ABIERTAS_SOLICITANTE;
DROP PROCEDURE SP_LISTAR_SOLICITUDES_ABIERTAS_USUARIO;
DROP PROCEDURE SP_LISTAR_SOLICITUDES_CERRADAS_SOLICITANTE;
DROP PROCEDURE SP_LISTAR_SOLICITUDES_CERRADAS_USUARIO;
DROP PROCEDURE SP_LISTAR_SOLICITUDES_SOLICITANTE;
DROP PROCEDURE SP_LISTAR_SOLICITUDES_USUARIO;
DROP PROCEDURE SP_LISTAR_TIPOS_SOLICITUD;

USE DB_SOLICITUDES;

SELECT * FROM MENSAJE;
SELECT * FROM ARCHIVO;
SELECT * FROM SOLICITUD;

DELETE FROM MENSAJE WHERE ID_MENSAJE >= 0;
DELETE FROM SOLICITUD WHERE ID_SOLICITUD >= 8;
DELETE FROM ARCHIVO WHERE ID_ARCHIVO >= 23;


EXEC SP_INSERTAR_ADJUNTO 'oc-ss', 0x255044462D312E370D0A25A1B3C5D70D0A31312030206F626A0D0A3C3C2F4C696E656172697A65642031202F4C203739353033202F48205B2031313934203839205D202F4F203134202F45203735333439202F4E2031202F54203739313832203E3E0D0A656E646F626A0D0A202020202020202020202020202020202020202020202020202020202020202020202020202020202020202020202020202020202020202020202020202020202020202020202020202020202020202020202020202020202020202020202020202020202020202020202020200D0A31322030206F626A0D0A3C3C2F54797065202F585265662F575B31203420325D2F496E6465785B31312033395D2F53697A652035302F507265762037393138322F46696C746572202F466C6174654465636F64652F4465636F64655061726D733C3C2F436F6C756D6E7320372F507265646963746F722031323E3E2F4C656E6774682039362F526F6F7420313320302052202F496E666F203820302052202F49445B3C34424642453645433443454343353932434642454133433338394346354437413E3C35464633333433463233323744333342304634363731384534444536453046313E5D3E3E73747265616D0D0A789C63626460601064606002520CA72034AB0694EF04A119BF4168AE2228FD1B42FB6A41E8A47630CD68EB0DE18B3E81D04C0A5073422134B3052A9F49056A7E3090FECFF0FFEE7FA83C03156810431ACE67A41A0D74234B3FC33700C8DB0EFE0D0A656E6473747265616D0D0A656E646F626A0D0A0D0A7374617274787265660D0A300D0A2525454F460D0A20202020202020202020202020202020202020202020202020202020202020202020202020202020202020202020202020202020202020202020202020202020202020202020202020202020202020202020202020202020202020202020202020202020202020202020202020202020202020202020202020202020202020202020202020202020202020202020202020202020202020202020202020202020202020202020202020202020202020202020202020202020202020202020202020202020202020202020202020202020202020202020202020202020202020202020202020202020202020202020202020202020202020202020202020202020202020202020202020202020202020202020202020202020202020202020202020202020202020202020202020202020202020202020202020202020202020202020202020202020202020202020202020202020202020202020202020202020202020202020202020202020202020202020202020202020202020202020202020202020202020202020202020202020202020202020202020202020202020202020202020202020202020202020202020202020202020202020202020202020202020202020202020202020202020202020202020202020202020202020202020202020202020202020202020202020202020202020202020202020202020202020202020202020200D0A2020202020202020202020202020202020202020202020202020202020202020202020202020202020202020202020202020202020202020202020202020202020202020200D0A34392030206F626A0D0A3C3C2F532033362F4C656E6774682031322F46696C7465722F466C6174654465636F64653E3E73747265616D0D0A789C6360201F0000003C00010D0A656E6473747265616D0D0A656E646F626A0D0A31332030206F626A0D0A3C3C2F5061676573203720302052202F547970652F436174616C6F672F4D65746164617461203120302052203E3E0D0A656E646F626A0D0A31342030206F626A0D0A3C3C2F5265736F75726365733C3C2F5061747465726E3C3C3E3E2F436F6C6F7253706163653C3C2F43533120333820302052203E3E2F584F626A6563743C3C2F496D3520313620302052203E3E2F53686164696E673C3C3E3E2F4578744753746174653C3C2F47533020333920302052203E3E2F466F6E743C3C2F463620343020302052202F463920343120302052202F46313220343220302052203E3E3E3E2F4D65646961426F785B2030203020363132203739325D2F436F6E74656E747320323020302052202F506172656E74203720302052202F547970652F506167653E3E0D0A656E646F626A0D0A31352030206F626A0D0A3C3C2F4C656E67746820323539362F46696C7465722F466C6174654465636F64652F4E20333E3E73747265616D0D0A789C9D96775453D91687CFBD37BD5092108A94D06B685202480DBD48912E2A3109104AC090002236445470445191A6083228E080A34391B1228A850151B1EB041944D47170141B964964AD19DFBC79EFCD9BDF1FF77E6B9FBDCFDD67EF7DD6BA0090FC8305C24C5809800CA15814E1E7C5888D8B676007010CF000036C00E070B3B34216F8460299027CD88C6C9913F817BDBA0E20F9FB2AD33F8CC100FF9F94B95922310050988CE7F2F8D95C1917C9383D579C25B74FC998B6344DCE304ACE22598232569373F22C5B7CF699650F39F332843C19CB73CEE265F0E4DC27E38D3912BE8C91601917E708F8B932BE26638374498640C66FE4B1197C4E36002892DC2EE67353646C2D63922832822DE37900E048C95FF0D22F58CCCF13CB0FC5CECC5A2E1224A78819265C53868D93138BE1CFCF4DE78BC5CC300E378D23E231D89919591CE1720066CFFC5914796D19B2223BD8383938306D2D6DBE28D47F5DFC9B92F776965E847FEE19441FF8C3F6577E990D00B0A665B5D9FA876D6915005DEB0150BBFD87CD602F008AB2BE750E7D711EBA7C5E52C4E22C672BABDCDC5C4B019F6B292FE8EFFA9F0E7F435F7CCF52BEDDEFE56178F39338927431435E376E667AA644C4C8CEE270F90CE69F87F81F07FE751E1611FC24BE882F944544CBA64C204C96B55BC813880599428640F89F9AF80FC3FEA4D9B99689DAF811D0965802A5211A407E1E00282A1120097B642BD0EF7D0BC64703F9CD8BD199989DFBCF82FE7D57B84CFEC816247F8E63474432B81251CEEC9AFC5A02342000454003EA401BE80313C004B6C011B8000FE0030241288804716031E0821490014420171480B5A0189482AD6027A80675A0113483367018748163E03438072E81CB6004DC0152300E9E8029F00ACC40108485C810155287742043C81CB28558901BE403054311501C940825434248021540EBA052A81CAA86EAA166E85BE828741ABA000D43B7A0516812FA157A07233009A6C15AB0116C05B3604F38088E8417C1C9F032381F2E82B7C09570037C10EE844FC397E011580A3F81A7118010113AA28B301116C24642917824091121AB9012A4026940DA901EA41FB98A4891A7C85B1406454531504C940BCA1F1585E2A296A156A136A3AA5107509DA83ED455D4286A0AF5114D466BA2CDD1CEE800742C3A199D8B2E4657A09BD01DE8B3E811F438FA150683A1638C318E187F4C1C2615B302B319B31BD38E398519C68C61A6B158AC3AD61CEB8A0DC572B0626C31B60A7B107B127B053B8E7D8323E27470B6385F5C3C4E882BC455E05A702770577013B819BC12DE10EF8C0FC5F3F0CBF165F8467C0F7E083F8E9F2128138C09AE8448422A612DA192D046384BB84B78412412F5884EC470A280B88658493C443C4F1C25BE255148662436298124216D21ED279D22DD22BD2093C946640F723C594CDE426E269F21DF27BF51A02A582A0428F014562BD428742A5C5178A688573454F4545CAC98AF58A178447148F1A9125EC94889ADC4515AA554A37454E986D2B43255D9463954394379B3728BF205E547142CC588E243E1518A28FB286728635484AA4F6553B9D475D446EA59EA380D4333A605D05269A5B46F6883B429158A8A9D4AB44A9E4A8DCA7115291DA11BD103E8E9F432FA61FA75FA3B552D554F55BEEA26D536D52BAAAFD5E6A879A8F1D54AD4DAD546D4DEA933D47DD4D3D4B7A977A9DFD340699869846BE46AECD138ABF1740E6D8ECB1CEE9C923987E7DCD68435CD3423345768EED31CD09CD6D2D6F2D3CAD2AAD23AA3F5549BAEEDA19DAABD43FB84F6A40E55C74D47A0B343E7A4CE63860AC39391CEA864F431A6743575FD7525BAF5BA83BA337AC67A517A857AED7AF7F409FA2CFD24FD1DFABDFA53063A0621060506AD06B70DF1862CC314C35D86FD86AF8D8C8D628C361875193D3256330E30CE376E35BE6B423671375966D26072CD1463CA324D33DD6D7AD90C36B3374B31AB311B3287CD1DCC05E6BBCD872DD0164E16428B068B1B4C12D39399C36C658E5AD22D832D0B2DBB2C9F591958C55B6DB3EAB7FA686D6F9D6EDD687DC7866213685368D363F3ABAD992DD7B6C6F6DA5CF25CDFB9ABE776CF7D6E676EC7B7DB6377D39E6A1F62BFC1BED7FE8383A383C8A1CD61D2D1C031D1B1D6F1068BC60A636D669D77423B7939AD763AE6F4D6D9C159EC7CD8F91717A64B9A4B8BCBA379C6F3F8F31AE78DB9EAB9725CEB5DA56E0CB744B7BD6E52775D778E7B83FB030F7D0F9E4793C784A7A967AAE741CF675ED65E22AF0EAFD76C67F64AF6296FC4DBCFBBC47BD087E213E553ED73DF57CF37D9B7D577CACFDE6F85DF297FB47F90FF36FF1B015A01DC80E680A940C7C095817D41A4A00541D5410F82CD8245C13D21704860C8F690BBF30DE70BE7778582D080D0EDA1F7C28CC396857D1F8E090F0BAF097F1861135110D1BF80BA60C9829605AF22BD22CB22EF44994449A27AA315A313A29BA35FC778C794C74863AD6257C65E8AD38813C475C763E3A3E39BE2A717FA2CDCB9703CC13EA138E1FA22E345798B2E2CD6589CBEF8F812C5259C254712D18931892D89EF39A19C06CEF4D280A5B54BA7B86CEE2EEE139E076F076F92EFCA2FE74F24B92695273D4A764DDE9E3C99E29E5291F254C016540B9EA7FAA7D6A5BE4E0B4DDB9FF6293D26BD3D0397919871544811A609FB32B533F33287B3CCB38AB3A4CB9C97ED5C36250A12356543D98BB2BBC534D9CFD480C444B25E329AE3965393F326373AF7489E729E306F60B9D9F24DCB27F27DF3BF5E815AC15DD15BA05BB0B66074A5E7CAFA55D0AAA5AB7A57EBAF2E5A3DBEC66FCD81B584B5696B7F28B42E2C2F7CB92E665D4F9156D19AA2B1F57EEB5B8B158A45C53736B86CA8DB88DA28D838B869EEA6AA4D1F4B7825174BAD4B2B4ADF6FE66EBEF895CD57955F7DDA92B465B0CCA16CCF56CC56E1D6EBDBDCB71D28572ECF2F1FDB1EB2BD73076347C98E973B97ECBC50615751B78BB04BB24B5A195CD95D6550B5B5EA7D754AF5488D574D7BAD66EDA6DAD7BB79BBAFECF1D8D356A755575AF76EAF60EFCD7ABFFACE06A3868A7D987D39FB1E364637F67FCDFABAB949A3A9B4E9C37EE17EE98188037DCD8ECDCD2D9A2D65AD70ABA475F260C2C1CBDF787FD3DDC66CAB6FA7B7971E028724871E7F9BF8EDF5C341877B8FB08EB47D67F85D6D07B5A3A413EA5CDE39D595D225ED8EEB1E3E1A78B4B7C7A5A7E37BCBEFF71FD33D56735CE578D909C289A2139F4EE69F9C3E9575EAE9E9E4D363BD4B7AEF9C893D73AD2FBC6FF06CD0D9F3E77CCF9DE9F7EC3F79DEF5FCB10BCE178E5E645DECBAE470A973C07EA0E307FB1F3A061D063B871C87BA2F3B5DEE199E377CE28AFB95D357BDAF9EBB1670EDD2C8FC91E1EB51D76FDE48B821BDC9BBF9E856FAADE7B7736ECFDC5973177DB7E49ED2BD8AFB9AF71B7E34FDB15DEA203D3EEA3D3AF060C1833B63DCB1273F65FFF47EBCE821F961C584CE44F323DB47C7267D272F3F5EF878FC49D69399A7C53F2BFF5CFBCCE4D977BF78FC3230153B35FE5CF4FCD3AF9B5FA8BFD8FFD2EE65EF74D8F4FD5719AF665E97BC517F73E02DEB6DFFBB98771333B9EFB1EF2B3F987EE8F918F4F1EEA78C4F9F7E03F784F3FB0D0A656E6473747265616D0D0A656E646F626A0D0A31362030206F626A0D0A3C3C2F496E746572706F6C6174652066616C73652F436F6C6F7253706163652F4465766963655247422F42697473506572436F6D706F6E656E7420382F4C656E67746820323337382F5769647468203132302F4865696768742035372F46696C7465722F4443544465636F64652F537562747970652F496D6167652F547970652F584F626A6563743E3E73747265616D0D0AFFD8FFE000104A46494600010100000100010000FFDB0043000D090A0B0A080D0B0A0B0E0E0D0F13201513121213271C1E17202E2931302E292D2C333A4A3E333646372C2D405741464C4E525352323E5A615A50604A51524FFFDB0043010E0E0E131113261515264F352D354F4F4F4F4F4F4F4F4F4F4F4F4F4F4F4F4F4F4F4F4F4F4F4F4F4F4F4F4F4F4F4F4F4F4F4F4F4F4F4F4F4F4F4F4F4F4F4F4F4FFFC00011080039007803011100021101031101FFC4001F0000010501010101010100000000000000000102030405060708090A0BFFC400B5100002010303020403050504040000017D01020300041105122131410613516107227114328191A1082342B1C11552D1F02433627282090A161718191A25262728292A3435363738393A434445464748494A535455565758595A636465666768696A737475767778797A838485868788898A92939495969798999AA2A3A4A5A6A7A8A9AAB2B3B4B5B6B7B8B9BAC2C3C4C5C6C7C8C9CAD2D3D4D5D6D7D8D9DAE1E2E3E4E5E6E7E8E9EAF1F2F3F4F5F6F7F8F9FAFFC4001F0100030101010101010101010000000000000102030405060708090A0BFFC400B51100020102040403040705040400010277000102031104052131061241510761711322328108144291A1B1C109233352F0156272D10A162434E125F11718191A262728292A35363738393A434445464748494A535455565758595A636465666768696A737475767778797A82838485868788898A92939495969798999AA2A3A4A5A6A7A8A9AAB2B3B4B5B6B7B8B9BAC2C3C4C5C6C7C8C9CAD2D3D4D5D6D7D8D9DAE2E3E4E5E6E7E8E9EAF2F3F4F5F6F7F8F9FAFFDA000C03010002110311003F00F4EA56B0156EEEE1B440F33633C2A8E4B1F61512908CEB8BEBA237492456319E81FE690FE1DAA1CC4421D9C6E13EAB27BC71803F9566D80B96FEF6B3FF007C8FF0A77197F4E8982B4865BC6CFCBB2E31C7BF4ADA080E5F5CF1035EC96D05926A9022DE34524902E0C9B4302A87904E4671ED5D2A16173117EFBFE7B78CFF00EFDAFF00F1343B1371ACF222967B8F18AA8EA5A35007FE3B45AE32B3DCDCAB86377E278E06FBACEA097FA70056918A339336F4F691AD73E6F889BE63CCE8377F2E951A016B2FFF003D35BFFBE47F8504865FFE7A6B63FE023FC295839892DAF6E5016B79FEDB1A7DF89D76CAA3FAD1CA5299B36B7115D40B342DB91AB36AC6B1771B79729696ED33F207403A93E951376198FF00BFFB4E4956BD75DCCCDF76D93FC6B0DC42DA44F2B96B140DCFCD7938C963FEC8A6A005DFECD76E65BEBA66FF0065828FCAAD53017FB2D71FF1F979FF007F69FB31999E28591A6D1ED12E6E2149AEBCB768A42AC46D3DEB58AB01CC5BE9AAE6CBFD2EF0799ABCD0712E3681BFE61E8C71C9F735B4A4458EAFFE1168BFE82DAC7FE059FF000ACF98AE5285E68112DE416BFDABAA323AB3C9BEE49C28FC3FCE2AA32224548B4669C5AB26A1A8FDA2E0B142D707F7718F5F7AD1CAC42D4E8AD7421042233A96A129CE4B3CD9358F31AF2937F642FF00CFE5EFFDFDA3989E413FB2076BDBD07D7CDA4A41ECCA8D697AF70518E67880782EB6E030EEAD57CC2E434ED2D12DDE59132A66219933F286EF8ACDB348AB14F50955B5040FCC56B199DC7A9EDFE7DEB9E6C6558A1798436CC4F9975FBFB961D76F61531037D115102200AAA3000ED5D231F4009401CFF897FE429A07FD7EFF00ECA6AD7524E7629A2B68AC27B89047147AEDC33BB7000F9EAE5A88EABFE128D03FE82D6BFF007DD65CACA2092F6CEF6F2DEF2D6E126B6903DB3C8872158F41FAD5C4CE6416CF2C02DE5F2CBCB65BA19E351F36D3D180AA92B9117635D758D39941FB5C633D89C567C8FB1AFB45DC77F6BE9DFF003F917FDF54724BB07B45DC3FB5B4EFF9FC8BFEFAA39587396629A29937C522BAFAA9C8A4E2573224A94AC37A981A8FDED589EBE5C7F9573C892E5985FED9B9F68630BF4E73FD2AA006A56E505001401CCF8B678AD6EF45B89DC4714777B998F40369AB89271A6F433C61752B55886A52CCA8F096D8096C487D4107A7B8ADF9483A9D22D6EF5031DD45A8E997568B26D7D964149C7519358C9D8A4749358DB4B6AF6DE52A46FD4200307D7EB50A43946E63DC45340EA6EC4AB220C25E403248F4715AA77316AC47F6B56E4EA76849EEF6D8355CABB0AEFB87DA57FE82563FF80F472AEC177DC05CAFFD042C0FB34181F9D21008FCB9D3E55B39DFFD5CD09CC329F423B5228D7D36F0DD46CB327977111DB2A7A1F5FA1ACE4AC69195CAD7D08FED2DAFC4779118B3E8C3A572C9165782E0C4F6F77271B07D9EE33FC2474269211D0039AE8B942D1600A1B60739E2601B52D0411906F7907FDD35716C4D18366885B4EF9179D7A753C76F9F8AD24C93BD4448D76A2AA8F4031593650FA94361430430C519EA8A7F0AAB8B944F2A2FF9E6BF90A2E1CA2182261831A11FEED2E70E4462DC594715D1B2418B7BA8D9953FE79BAF71E9D6B58B319AB09A7CCCF7B6172DF7AE606493FDA2BDE8921419AD7D6A2EAD9A2276B75561FC247435CD346E6466479246F281B8036DCDB938128FEF2D62492595D4B0A62D49BAB71FF2CC9C4B17B63BD35219706B1698FDE99226FEEBC6C08FD2B45502E3BFB674FF00F9EFFF008E37F8557B443E630F5ED42D66D474468E5C84BCDCDF29181B4D5C6689E6322C278E4974D446CB7F6E4CF8C1FBA77E0D68D81E8559328C7B8D4A70D218D0AB5AC9FBE8BA978FFBC2B551337223B3BBFB0C6432BCD66C4B453202DB41EC475A1C44A65BFEDBB0FF009EAFFF007EDBFC297B263F681FDB761FF3D5FF00EFDB7F851EC987B41A75BB1C1C3C8C7D044D93FA51ECD8FDA146E6E26339BB922292B298AD203F7893D58FA55451127724D3A0FF00898450A1DC96316C66EC5DBAD1261046F62B23729DE58C575B492C92A7DC913865ACE50B819B716D701B75CDB7DA08E93DB9D920FA8ACF92C21827D9C1BDBE8FDA48371FE55020FB57FD44AE3FF017FF00AD4342B199AA3BDC6A3A3AC77534A45DE7260DBB3E5EBD2BA29E80743A2E9634CB5921698CE5E779B7B2E0E58E6ACAB1A74019D7D62D34AB736B279572830188E187A1F6AA8B264AE65329B790968AEAC5C9CB79037C4DEF8AD2F732B0EFB67FD45AE3FF00010FF853B79121F6CFFA8ADC7FE021FF000A2CFB0086EF3C7F69DD1F65B5C1FE540F71D6F6F712B96B38658DD861AEEE8E5F1FEC8A9722F92E6CD95A4567008A2071D493D58FA9ACDB348AB16A91421A60150C04358B18DA648E15710145683168010D31310D043194C80A042AF5A0711F52CD900E9401FFD90D0A656E6473747265616D0D0A656E646F626A0D0A31372030206F626A0D0A3C3C2F4C656E6774682031393637392F46696C7465722F466C6174654465636F64653E3E73747265616D0D0A789CECBD09745445BA385E55F7DEEEBEBD77A7D36B9ABED93A4B2724249D844024376481C89290044C70220924902826210B082AC41504477103D7213A0A8A8E348968C23246C719C7F1CD835147D159E48D28EAC893378F514649F7FFABBA9D90383AE7BDDF39BFFF39FF73FEE9A95B5F2D5FD5B7D7722F0EC208212DEA471C92D6ACDDB87AECF9502FD43C87507E775B6B73CB031F3FF931420512D4E5B74105116FB440B91ECA496DD7F65E778F6FF7DB50BE01CA7F5CDBB9AA19DDF3FCF508CDA4ED5DD7365FD7F5A525AC86F2AFA12C75345FDB1AFBE6D95BA0FC2942F129ABD6F74AD7EE3F968DD0723342EAA6D55D6BAE953B521620D4DC85906A4E57776BD75BEED1CF105A1342C8F2774428B102FC805A359AFB02C161957A9814CB3148E0C31CD2AAF930462E8D4A0813EE28F6231187B0133903E6AF8AC68A169BCF172D1A2B42C5009B2FC2634676BC25DE920C0F8C787451E2462FCA02FA1649FC2842043544CE086784B7910979D013F2D2DDC26ECD83FA078DBC06AB8D1A93DA99E2BC4EDC60556FB05C177B3B7F87E60EFDEDC6DBAC77D8B6C56E736C73DEEED6ABAD1A9BDA1D6B75DBDCCE58B73A26D320BA32D59C3DE5801623AD592B6939ED30B95396B2BDB2B7C9DBE5EDF70E785592F79C9778CD2903089B900F6503ABD069286EF32F9C01E0A071DDA2B38BCC8DEBBEA2002A3E5B7C7646366E6C5C871A638205F9F905F9B912B29851BC84B0CD9A9B939F17F42726A81A4A737EB6E68E215C866F0B6F0E1F0B8F8437E3199F1C3CF8D19F5E7AE91479E7D4835D838159E18EF0C3E1C7C29DF86EDCF68F702412B978E15B8430DA0AE22EE0E720337A5A4EDD2D60D1886B85D5429FC06559EB8D6DC62E2BAF154D7A9F9EDCAD8FE849B1BE4A4FF4C364839CA65603A31C516953916816B3C52E9117DD5BAC7BAC6485758BF580F58495B79A911F73C3384DD611D28F0730C12E4BF1088E438CDD75458BCC67CD54779465D7A2D3C8595C04BFB38DEBBA0B7328EB08785F1072D42E08E52D595E7F509B33B30135C6834E63F3F373731C6ACABECA8207C267B0507A4D5953C315F32E9B5D93C5FB775F5396F7F7E925FBC3FF05BAAE8B7CCA370B8741D77168A79C696D5035681BACCBECCB9C0D710FAA1F122F8862D7B4FE69641617D4CF8A0DBA2EE7CAF497C796B91E1245DB30E91D14746EC864A34E6D3481C8B48E34A3C18F295B261372DF3D0D4F33C76B5CDEFA22C6D5A2B38BCDEBBE2A5A7476ACE813A4F043F5881AF1BAC6D27AD9D0AE6AD7B65B57DB573BDBE3548D0DF1F1792A556202E81534EA006BB539EC13AAE59BC3DF961C5CFE52F8DBF0AB833763D79835AB6C53F3B65BD7B46C7DF4CA069C8235D8885DF713F3C5AEFD0B3B9E7AF2A5C7F700BF25C06F0AE8D486E2F04F4790397241AED0153E243E6CD8657E5AD8A73D221E310CBB351A1B9E4FE6A92AB455D39E36BCA87AD1FDBAF6D7FA77B527F517D45F1B0C71A6B858D9E30DC6CA464BD014FB72ECF1582E7638323A649A56CC72A30372F263596F325AAB8D4D4662745A3134BCE8F20471AE15D13E5E29C8F28434250F642AB9338EE5B2C9680A822F20303F825658AD20E6215E6775527127E9D4281E67C5C65719B1D19D356DC5B4CE697BA6F1D34CF11AD9600A82C0DB4B98C00354E28D5F352E3A7B9E3A4DE98FEA659B534EB5153BE569267878CCF088B31407E0AFA1780CDA47901588801E564A0C746239F4A3F9E0785770479A07180282066B21257AD041B3D090A89DC38A25F1C50144FB9F0E58AC858D6C7AA30C5232D2498D747AA30CC2426CD0ACA2B140A03B1028C2965C6AE1E0DB012C80054829FE3C33CACD415CBC9D1A408C1F0C40AD72906FB033FFB303E1BFDED68E6D6F9FC556D598CCDDDC3C77790A77DDB21F1515615C93F5F0E387EEF913D84220FC7AF8D88D3BE6E3B59BB69496F650FFBE0721BE016CC18EF6C84E758C2366B9A64DC30FF338A8099ACB3465A6CFCC828A8ADB6B511B0D2ABD4E07064EB0DF8E6429297800E1080CE2765265D91392823B9D034ED2E53CE7245F3AB153ABF3EB8DE0078306839EA9135006F4F89C1EEB5D8E62C51DD6750726B97977E02B56C1227591997947D437C0AD837EE6D0B116E6E1B939D3482CDF103E93B4A4B0B237407D7CC7DB8D0F57F9C8B4E75A6756DF3A18F6F1FE475F286DBBF57ACA693344F4AB20A2BBD1BBF2E2DBC53B6C77D8F7A00755AF8BEF70EFE8FECE89C962AA3ED590664BB3F7097DE2ED82461DA37638621C8E3492CE250BEA54E12161B7F806F74B9D508CAB2054D598113E85CE816552EBB03815D3D51A20C7CB65873393D78062AD41E38215265C65C22639D619340DE35439C19AA9E54C5F1A97A12F111BCA9D1D87E3625306D4D8A4F6A9B3D59C9A867DCFE6DA89B03FC982C7CE071AD79D0ED09C028D4C3E8D8D8D60267C62740170D81D021396C54C8D852FC6BEB9E1DF7E11FE63781BDE8483D8F0744B4EF80FEEA7D6FFF4CD5F0FACDF4F3C579EFB0C42FF72DC811FD87355A8A2FBD6CFC3DF843FFF62175D0B6B205E3C0C3662402EB45B9EFF293EA3F93AE6EB58FE75F2A940AC2EC1259206F3B29865F606E76EF2A0EA41CD6EFDB0F87BF207E18FE2EFF5B08CAA3E3598F769DE24FFA6FA85E6577AA14F7387EA560D67A1A153AB7350E3B2F16A5BA1DADDE4E9F2108F311EB9DCF5259382E5C46287D601A7EB204A8AEDE6D51023DB9D3C6E6CA0ECC704AD601028D686121392FCC9B64B31B266FBD8A3FF8583E137BEB837FCF5762CEDEAE878E0818E8E5D24E14EACDA1E7EFDCBFF0AFFE2D6C8D33F79FAE981479F7E9A5ACA66D87F3C08FCA6E0D923280DECB6D1A22D061FD4C7AAECFA20079EE10C269691724DB9B32C512F715969B562535A7FDA9EB42755FBD47BF5875487F4A1B41369A7D28C282D2BAD1A1A5E4EFB304D9526BBE382C550EE678D823A9E57BBBD762607753C95C3345E6DB658523C7171FE14D827A84C66BFD5222FCF6BB2E04E0B068955C826B7C7EF8D83BACE38DC045603752F24FBFD2974BD194428858560B198E6723ED09D025D53E41248459092528229F2ACCB825929C7533E4CE14C29BE94FE140EA54829D92991143EC595FA5151D4E6BA03CA5FD43B61CF11806DD357EB1A69C6162EF04FFAA3AAC110DA10240859DD8175B02EE3400C7351BB239F3DEDD469832913FE7BC99537636EC7E8EA5DD9154FFCA8EF89546FF88C3765C9ECB6E9E133D38AF34BDA32C36778FF3DCFD42D5D5AB7E247650F8E3590153F995E347FC7AE3021158F2CCFA8B8F5A1B18B60A33BC26BF9DD6C9F12871E96A7CF8C991F43AC41AED0501813F494719586CA9832CF3F3CE232D5B289B5FD2BF53F3C1A90B29B2DE26ABA96CB769DCE6C323AE235EE2E58B72D6946A3C96F36B3C55CD7053B65825CDE62C536C12B8B4030E6D3E326CA24515CA46C4C305DCB57AB564F5ECB619FA6EC4CA8932626F853E8727EC952776055EEF3578F6012BE38527F77150434FB5DAB57DE7CFBAA35DB209055B784FF1C1E0B7F157EBF62E9D867DCC8D0B38F0DED7B82AEE795E09FD381F7449483D7C96D6AB7264EF0DADD977BE6C75526FFC1FCA145CC7755B8AEF0AF76ADF1DFEEBFD7759F7BAF7BC4F3BAFBD71EBD4A6588B5AB5CF614555A6C836B03B99DEC551D52FD4AA57F39F8BE997893726658320C4972607A30494E488587CB1BEC4CBA9844922ABCD4C2B26181BECC8B91D7EC0D79FFE1E5BDDE0C9C8B64A8A5FB578296C6D3452E9E2E72F1B2D31DA4567E8857EB0DDA0C6AA8D096115D5A590E3D32A816649B6EDA0CBF264D4C3534F8F47BF4C4A7C711583564A33DA877570571B009FCF4AE6C8C716E5AFC0A07FED081AB1C2B1C9D0ECEE1CA8DAEFB60C21030D79D6DA4B133A0944E53D33D0B560DCA82853670BE3170DA5A9805B67D50454AEBEA07B3BC785DC359A530829222A32FC11EA72EA9258934061A1A01038C9C339A8B8AA89AA9A1AFC329CCC2EDB19CCDEE88F7A7F853E87ECD9F17A41BF20245B358A552AB62A9AAA12A3F0FB746026F1D3F3ABC80F324873FD799D5DCFC271B9F3CB6EC917B7FB9B0BA73411DBE2AFFF3A482FAB285E5B9661DF9CBF487EF6FB8E3A5F0F09DB72D8C2B70692A2A06B72DFFF182B864296E49F9ECF05BD61C674AD1EC6539FE82A45690CA6E58D16F85DDAC88BAE5628DC0AB8464B5A4C9D6BCACF950C36769766A884683383E996022228DBA5855A522AA1A0ECE57C42DE9B27544C78B1296E0F0010B1BD931A49D115D85E8AACC96A1A24550601160AC88090F724E305391E4C2C21CCFD26EEEECD86CD232F6A870F842F8A90B63F7D0C87A79E413FE6FB00667E013F265239661EF8BA9BFCAE061A18D858536D61968155A537B55D7197A53DFD7BF9BA86FD02E352E4D68486CD3AFB6AE896F4F5D93B1C17BBB7757BCDE9A381C393534CD17A4B9DCEA720797242C497C25E195447E5DC2BAC49B126E4AFC8F84FF485405B4E986A484A4C442433071817681A12CA134F16A436BE246C3A6843B0CDB13F66AF7199E4E8811B5A24195A04A74695D067B823A21516BE0B16399537649C14E27EE74EE7112E761D28A3C60F27A77A1CF833D99360ECDA7FB59B9D22D05B3B18CAB7113DE098798101E85BDD67FF2B2BBD0CC633E335D747E197160871CE3083A16A853FCEEE9BE940173C84CCC0BF0971645D2AECCB7A2625E505B7F10C9331BC05A1B61F583C8723ED04D97FD75CC5A95BC1BCCD651D8C8A234DB7F26803C3CDE39208F13D1FCA3C198C204100F64507A0376A7503A219BAC8506C95AA865C944EB3E958D7AA833146A9D34C5140626FF3528BE20C7CED2CE32E425E4811C2B0DA50915897BB5CF2468516303DD7EAC830538D91E8D6429EC47ED3F57E2956D08357E879D0727B1B13DCAE55872EFD97AF73D972D0C8EFC67D3D62D5F3E836DD8A10E9F8CB9F1C69B2AB33266E2D0F1BE3B23E8E5F0E7E177F19FE2EED9B67149B0D2639D3E7BD9C6E7BB7EB1FA6FBF31AC5B959750184CCE5A7DEDB11D9BFF780DC6D4BEEE84C70B60FB1CEA1C410204949C6050A081253199E572B1CD1144822C540BFDC22941F0094D4297704EE0FB05D885110E6908F73E8C1442A710374AF776543B27A0C4A30E7EC69EF1B812DDA02AB19EAD9460F8963B71AA70F89B0AA023037C7004E850830F266689D97CB6500D07E07E71A7A856618124F31C51238DE870B8F92D02168671A6AC55A9259C8DB650B783A2853356932ED24F76129EB83463CF45AD6349FD4102D6C17C70AC081EE5AD65A7A3CEC8825223F85F1EF540FC617811FFE3F062FED50B17BE9D03543D00549D03AA7470CABD0C22835A93ACB2FA049C2D1C108820884A50D08AC93A880BAA051C99AF453AAC734B866C836CE00C53E382FEFBE242D179E58A85260B0D0DCC38411383DE425040FFA09B65079991357C5FDC888F7D802FBEF81939352671B934761CF93ABCEE6BE5A4A27201F57AE294753ACEAFF1EB389EC31C0C278B71B3825A69D6ECA048E34234979F8C9B0EB5F050891AED47E2175A9E17B5DA1812C79B459F369164F09298A55D43DAF856F16AED06721DFFA4B85F7B483CACFD4AFC466BDFC3EF14F7687F25BEA17D8F9CE4DF15DFD79E219FF21F8B9F6B0D1BC4EBB4B7903BF95BC43BB53B89BA5ED74AAEE6D7886DDAF56423AF2E230BF8327181F60ACD1562BD56EDD466198364161F14676B8B8D6A8EE87995286A63899B7788EAA87BF908CF694541AF56E7A88CFA1C8438334734D51A4350471F8C4BA3CE10D4C8C694A08E3EA0EA51D94C019D86C388C744AD451A7A6C2A2EB2407050DCB711679D35BF739656788623B3E54C9845E235A298C3F1368EE3894EABCDE108800486E1F43C217AAD5614D51A1F1CAB87B16148AD12F8C3642673A72B1B153772D4D605851CB5ACDEA2C19A635B400BC774924E4F86C94CD90AFE23434724432794032BB79E0E6398D1E70CC0A609165F73D17F9A8BDC2EF3D8BAB175456EA7191662A8309F5E07C4B30D651150BB55981ED87AE36B5BA73B69168030831784626AC19A3491530775D2CC990DF4D0D3D818DDA922D8768215614CAFF5703CB6DC838F602D56E3A3E1B3E13F853F0AFF59387CD1C97DFA4D057FF3B79B69023BA6378A2F333FD5E29211A48E9C94C582C2A02A151E6ACAA8989A1754C9F080D249B93A3E05DAE09186D2F97421559BA59F890A8462FDD5E86AD2CAAD16DA346BB49F72A6CB559868440CA21679B588C169D43684D42A91E7254165130495462BBBBD73B4740A9DDB1BD426138E53F1E2303E2A1B556A22F03C461A3D840770B56659E783317036EEC71C1E2649B2E81371364413221E264988871EA20451C4A5BB6A95E2928BC65CB05F8748E51C5B0CF1E193F1C3F42230844276C5503455BE6AF0C2ADAFBDA618E30B625084536C54E6BADA05A1694B9683E0B9487850C36B0F47C220A98B0755FC4CFAD700DB20C5D6E2E339F8E1F8188E135E0EFFBC7FECC58DE15F91D9B830FD37BFC28BC243A080ED441A3B4523F57DF0780EBB205227C9B1605D5AE2A73B461A5E78E4E2D7AC1F6704152F3ACBE283E53EECC2AEF0197A22BD1FF4466FECCC80B245CE4D0555CC73B4F2AD7A21DD51E8986F6FB0B7D9854247BE67ABE72161974EF05992312231D6649359E34A39A0C654B943A22E48CFD9724C7F3C96E2B3E349BCC52A21C99C0D2B338D70D2E408C7EE5D03ECDE351ADFC617BEF81C87DD6E8DB5A955F49708A607DBBC39045642580613EF27DE979A6E1A6ECA2C58BDE896954F8EBD8D53FF7443C1FC1545456B6BE71C120EC7F95F0D9FF9F743B70CAC5A90EEE35FBD9867B42EFBE5FEFD2FAEB61A29A74C4E6C4553A30D2348A46B189CEA64B15A24FD62481C154F885F8A824F6C12B788035021702A351278CE84B0CC562E0E351238E4082A35AF256A3FE6995DC727057997267A07139858CF802FD8CEB1A06C8E6E71BB0331D4A31405C099C4C5BF88F9F0C56F2FE7FDDF7E009A5C0AA78F62387DB8D07FC84BEA4D0D5610BEA9DDDA6EBFD1B9D1B59BECD6FFCAFC2BE77BE6779D9FA93ED37C16F359EC0555CCCC9899B1975B2FB757381BF4ED7AF52C6B81BDC0C96D103698B60AB79BEE703D6DDD671FB1BE68178DEC54E009D2FC90D51634E61A688D6B5A90E5264BD07018F3603DBDB2D5A24332744532F443B93BE16C701876053C34490E35A6B5381E65192860502E0D3DEA78DB94AB067AC512387F36402F591A4F07943B16C81555AF6BC4CAA50ADBC9E71708D18B5904DB7F7E46F8AFC65555ED376EB9A67A752CB605CEFFF6B3F05FB1FDECAB1F932F726AEBEED97FECD12B3BB37EFE2A060D40544ADE872211E56645789BF8217023AC467938134252BC1C43CC5E5CED6DF29EF2725E3E677E8060EF08C943692880E12493472D632BE0DE1FBDB57E8CDE585E9067E80A0B3CF33CC44A4FB9CA19F76BB52A8F9F6D981D93E729E7171816C4947BEE573F246AF546D8F0A0C927DF189DCE84B4E3275F731AE1FC267AECD5E3EF9E7B95BBEB7F3AF5B2CB1938F5EAE8A95739F30AF4CCCBF6467044B2460FBDB13193AFB0B762D7CD83AF86C36323571E94ADC1CA8D8DB7DCBAA6F576E1F0D8B9FBC367C2FF089F0B7F7065C3A324FDA9AAAE3DCFBEF8F86394F72BE1B4BF126CCE82BCE831B9C05A448286A0AD28EE72526628B35D1EA7E9F261AF26D6116C101AB4571896C534381ADCCBBC7BB57BE32E885F19BEB6E92DC8E8A1CCF3BA588579B5C9AC72C66B5CD3AC6960357E8B85312FDE6DC666B74FB9BAFF6AD289FFFC770EFC8175D1237FBBD0AE5D1DD3EE6877ADF6C2911F5BA891A4F8152B71E48127052F99105759F0E48A437DDB31377AF52345980B9FBBAD65F51DB73637DF1B5E4BECF36AB7EDC1668CB06FF9958F7D53C1BDF0D33D4F840E3CF23C8D9F3F06EDD7F27E64478FCA8E2B2C6B2CBB044E54B95445A4C8B2802CB09C216A1365CCC2EBEC481B6BB36945558CCD1F1B8B285B463BBBBDB5E3881DDBFFC5EDADA899B8B6D5E073B0D64FBDB69D7C67AB88E63BB7B68DCACB0BBF3F0F4CC0C60E08F914E416CF3AD67ECDFE85D8E5AB299EDF9D8E5D7B96AEBC6AFF2E3210769E6A9D5DD5771A8F4270014DBF01CCFE05F8A4F16FBAECE166C2517A26AF150F7084A8FC5812B261EB7A40F3DB67E97B3EBA2336177D15BD2C1C0F5B6F28618B33D0FCE27F8FAF2174377C81F98F076D909355C2886DC4C9CD13F01AE15D81582DC906A31179CC744B6C421AFB3FAD1A769F373BFAE64EF09A4D93B7C67153178E8975237A60BEB4768067480E762AA22B47A28B3001D12354E203F80FD858B379FFCADD8BAF7EE395270EAC2FBD6A7EDE8070D81EFFA7035B87DB2DB163EFF1AF869BA6AF2CA96E3368E95BACF012BE89DD0265E1C5F2CA0DDEAD5E62D51BBA66DC6EE89FC14B38912472D93897E472322E25A5DC95A6065B43F2B2B4658186AC6B4C172C1762ACB30DB9F6D9A9B9197050B62F482DCB38A71F7368EF820D9C4E6FD0A5EB0D2946BB2336D3A087A39C33899E7D0FB17739ECDEDB6861AF3B86747A254F4D57EEC3E1E4C5F21941E5958E18EB6197372B04EA7E3E530ACD8CDA4C6AACBA58B5D3A54A4FD3F9C126A9F7B95C6EF7DD33F00C3C8C87652DCA4D8AB7BAB227DEA39D8FBE49A3F793A7C7BD71EC7CF4E272FC0E0731E2D8E483A23EC85EC460BA1FA6F7958534A935E6A24977CB867653BBAD3D794DDAEA407B16BBB5730876C7F8DD4D1E7367F62A867AB3CD48122538ECC64CBAC7DB884B34DED4651D05C93186CDA3EFDEB812E3977FD98FD573BA8EDC1DFEDB5F2EDED2B4E6AE6D6DADB754A4CC8C9D166F9F9178D523CF1DBAFBF75887DD3F7BE0E2BCA387AF2E1AB9CB486E79E6B1C77FF2D4C06320AC7BE95B1AB0553B1A940326ECC3855491E6B978AEE5CFF81F58540B762189D45BDA2C02C624C666B1C67036825904F0726A38F5D862B57684745ABF4664AE2FE28888C51F727D64F3DB63275C3F169F8BC5B13FECFA13BB0776190C3275B02B32CDF84DA845795533E5D6D7829FDD76ACF9D12A6FF88CB4E4B28A8EDCF01908F91FEF99DFB5EDEEB17BC88C7DCBF3CAEEB87DEC0B607A7CB7C87641B5EC3429A7D13D109CE249BF1012468513C297CA617E8B300015022C6D1C6C0A383F46E3BB1DD854FED36E27BABF896E2EE9D91DD6E4CD101C4AD99A9C0FB3AA50DE2F104A7A11AB656BAC7226D039E3826A7CF3FC00C6EA89453910C8033AB3212A9BC107D3C9ABF2A8CAA24AD4A4382C8EC407AD0FDA76A73C902EAA6D1536623D621831BE1EFF71E205C35709AA34C35243ABE101DD6EEBBE8411BDBA24514E2AF3AF4968F16FB56EB5DD9E704B9258E02F5755E82E3754992AE2E726A8139252FC05FABC787A179397A45669058B18EF34A4E813121212D5490972468FFE3ADBC6D8F5697DE9DB626F4D7F38F681F417125E4834F4E3BB1D773A1F4A7F263D94A172C4DBE5F8C4A05D8EF3057D76FC21AC03B99AF8EAE4BB9349B2ECF40693DD19ECA00772AECEC0D919382B03674C8BCF86E53017B651D1B70CCA9B2F6DB122657A687005AE1BA652BE081261B7AF5133A111905A4EE02C8A9E78F35418ABB01DFB13F2E32BE2EB7083A305B73BBE82339B83F0EEF804921A63D09354F70A1EF315A9BA6A377657C4A88BC71AE17FD47DC753E33A0FBDFE7A93469CF861254F60D78349B47C6AC897A4945D6E56963D005C63C0F90915090F1AEE4F782DE19D04557C82DEC0F36E148D69289746B7214766318EBECA65E584E420BBF1F3BAE382082B777E7C131CCBCE610EC14A4D6F0079D633C60E3D319617C1B97C057F8E279405BB0C43DB731D328CEB906150879C571074D0DB75879C9C060F18D7E4F0B18B6CDEB1D42D83639ADCB8DA1D719328F3EC1290FDD1378070C60B44CFBFF4ED321546F4D64EB99D5E077F8D8DEC0E2629F2862CEAACC5A65478801CBE78D150A8B7E90B2938A8A7F7809F1FD415B297D060CD0D100D951B3D0879C1147F4A12BBD1A35B98C9177A0EBA74C1FA9E8DDDD68E55D71624DB622BC3CF5DB9F9838F3F782735FCB565457D67B614E7C7AF34D49FFFF2FD319C15A8599A1A9725C5DA2C0BE62C7B68FBD1BB76CC9833D7674F9C161BB7FAF205B7DFFB56083C907D9FC03C905776C5E853D815CF902DE494744E229254254521E68E10DC255D2ADD234B97DCB1711DDD2563E4046FFE44781B22E7B09C93CFE3745E324B9606BEDF2968F8979D24D66E2136ABDD628C3121B331062333B1891A930EAFD04574444703A856852D2665ABC4DED19961DC733034ECA7B4626EB1A64A53ADE134A9E62CCB0A0BB10C635E361863FCC4B6020DD847EDC44EBF798085C7EE725C3742DA954F5B02B089A65F215D6C2C3ADFE8523E6CA1F7E890A8560B734CF0177DC31093CBEE52A39FB3C4C6E6C62642C04A743E5AF850DF753DFED23997E5BDF556F8CCA3BCBFFAF65B6B935E33172E59F0A78B2F7195947F1DAC1CCB61FFA4C31E395648756705D5F4A1A20F0D7D70C391934390B363A1E49E157C98C72A4EA7D168F53A88FAC4CAB945B7360165EA5ED7E9C13FCEC976AF14D4224167432E5D324AD705D12CDD562446EF0EB4D8A06763E9444790C7488410AA45C5F44EAA90AEBB85851ED9AA435A5EA7154542B00A60B1909EE664675C6A5067F0B1DB46DEE070B8CDDA626D15FB502A5BD6F1A4500707CD2A9EE30F936C8423FDB2490F41570237E4B04BFFDA8033E0A29BAE8073D1D946D81234BAD8DD072BB3704FEF96AC85184860EE1168A4DF56283717383EC6415FD7C4C463FC52B80EA7FC7A96436534FF06C787417A637F39546ECFCC24D3E89E14A307111212E91B16FCEFB251E4541A17E7D0F0560DE1409868C8AA2BE68695CB329ACBE9B575412E47ADB1A9D5602784A83991274484024FEFC9787A4FC6E7A88ED37B60B24376C9BA6A5D938EEBD2F5EBC8806E544794B7321A313A28CD65636D6D50CC617BCE51F695187D51D337B1EB64AF6DE9D5D857D1121300133F82B4753AE57AEB8DAF8D6F9238888BA23125A891949BC5D197447AD7C8AE81947052CA7AF5BFA8CBD3F4EBF2186397B9A70735B5F010383B97C3C91C5FC1DDA6D9A919D00C6A4E73AAD7B8E39A0F349CC4656982DC6C70937BB93D9A01EE8026C4BDACD129D76B60DA44CE65D76BA76443564E9048F4A1B6E541CD6E58B8A707491D3C58EF8A691294E0A1216AB593700E75064951CF26B9EAC54456FF882C538B36E2512F22E5EA87D5CFAADF24EF934FC919F53F882E85A4AA2F575FA7DEA67E8EA8E88DFDF8CBED40008D5F20C23E8FDE1FD26F4BB0E5412C917A1C137E6FECA070F86226F7361CBF8E5E2CA3677676F262D1C91D3DB3A74074CA927DB8D3BDC54DAADC2BDCA7DCDC01F7CB6E52ED6E82C06DCAA75B05F7A5F33B4CC862932FF229B947780CB9D06FE53409C1165D9B669A65BCDCD86052BB629193B3C7228735C6861D5662C34E4E546BD57A275D564CC831E00839B826C8461D9C0382CE602CA6C7F821144BBF8AEC958D7A9D98A5CD02CAF00A38EAD3B094EAE4FC0EEBD2D862DB1EDB011BD764EBB7EDB49DB09DB309C866B649B66C1B6F73B9AF1B187FCBB1205450BB20349BDDFDD922A3F4A5C345E59D83F93C8B5967D9D794D0F534189625371AB31A31042876D82B70B0C31F2C1D96C4BCDCBC640BD934AA4B894BB9DCB9F286859B0A75E24D376137EF3F15AEBB3910E7F9203D7749F98C07F0F1536F3F19BE83EEFA22678424F03317DA2ECF546BD4A2DAECD0D8C5799A79A2FA0A7199799779B7E5C1D847ECFBCC2FD9DF8BFD58F5954A67D0EB3122EAE41851AF930CC7E91536B85482ECA9F63479B82E4FBF87489E6CCF8067D4C37B3001A1BBB25DA32ECE451DC83DC981D87D9FE23DF48D31DBDBB2973D31B0E7775C3AC99A61FFAFB0781F4ED5C5DC7DC3E67E374ECDBEE9E4F36FBDBFD9E605E3F9E4D8CCE5D7AED9F53C17B8180E5FF8605743F3234B377F45F5FF18C4E6A784E791802E93DDD56AFA068AE79205A4E105B79A70934F94AA1923935FB684A93F2F1A8BBE80CA65DF433D8653C929E1F96F2BBFA66397E0ADA49D0C4068C891E3E94E85E002F65241E2B2399E2B13CCECAE95836DF1536BE9D0A71B17993F694459671B9593730949C55BC7CFCACB226778A3308A8C80749FBCE03AED36ED3EBC5FBD5FDC677C49FCB5A8596669B037B897F9D658DAEC6DEE353E4D212954E58BF9864A52A92A172B0CFBC437C91BAAD7C4D70CEF933FA8DE11DF3158CC4EC949D8F923D96A0F3AF76A0C3E53968998642899F622C17BB20A767EEE04DB499D2BFEED572FDDD129DFBE06D6D1A49C301A718EC36E31AB95EBB8827C47021CA72D66A6A5827C8BD9EF2739BFBFEEEE9D1B7EFF6EF81B78E656DBBDC1AA5C2513461F7C21BC22DCF4E22E5C89F7E29FBCB8EBB392BA6BC3F0F78A5C52B7966AE5951290682E684B0F32F0E26279C521E78BEE11CF6FF8D79D279C275C27DC9A524F695CA97799EB11FE01E77E7E6F9C46E59650AAAAC03D9F2F7596BA4ADD9A2467922BC9CDD9FDFC327E9BF351CFA3718F7AF7C7EDF76AACF4EB09C93BC3BBDE7BAB77A7F75DAF867D5A61B7C506BDC4AC3779A9AAD88B4899467A5804404260158F0F11AC370DE36572A24F9FA5277A2A39FDDE18413C69B7E32AFA5D9ECF74D2BC81B8A68D8BEF3C935F113D32A3E2B1C0BAD3E0C0B055A26B33B6E406949DA2170ECA96424AC3A08965B2D15CC86BCC8582C602B9A570EA8B619DE87179882706F331881EA9E9478E747DA5AF2A8F214FE4148A83E48D9C8ABE2B006D59E2F3ADEC30CD8ECBEAE4FC24D858C24E52ADE2556A5E7F31C53CF0C5CF03B35A1BEADB34E14F5D58F3ABF72FCC5B941BFE6A9E1D0BE16FEFC7E21F0E165FB1F4AAD6ABAF8FFBF4379F3FBF6A6865C9F96A3F62DFB67EC2DB404B0E94884EC8F5B32D0B2CADBA4D9A3B34CF08CF68F61AF7C61C4223DC21E3B0E585985FA2DF5846632CC19865BA06C30A4B4D4C538CCA256CB03FE4F893F9439BD016435FAAA99D569F270BF8A3C2F5EC3509E678299EC453A998A1267E6FB688ABC40FC57322270EE3AAA1018C21D6C61F32F3126CFA69370F74E3F7C61A9C27ABACD8EA4EC627D1866927F5AEA4099B3E3F61D5A092F38D5F35AE8B5AF7A4AFAAE8667EFC1D7B01D839C90BA289EF88265F293662B3B6AEFC8A4D96ABF7FCEC5B2CFEF6433C2DFCEE97CFBD43AEBAB166F19AAEBA259DB8765A6DF5C0C5EBB1EEDD0FB125BC2FDC17EE083FFA1217B76DD7F577DE755B3F18CE13102AFC2045112D93C56BC8F56407E1801B9C36B482ED52AE7A49230A18E9457404D783D43169940D02E27DC07588E77997F630DE8707D078CCFA6AFC93B1F38D670BE9DD577CBC45A5CECB4F2AC8E5FCE1330FFFAE0393ECD37CE2CEF248D21BB7D3F87525449C3C612F789B594ED318257D81B5DC5AE97AC8F013E36EEB0746D16A89B1C226D87A9B15A6C506AD5E6FB05A2CC36440B61B0D36A3D160D5DA247644E3AAF14EB6002EBBA49497984E3C06FD30592E1B7CDA2C2DD152056BF7DAD8D6D5660FD2E550B671B661FCAC6CB3587CE62C33C932179BABCC9C997635D3B9624C26236F329F529F3CE1C0B2033BDC3E23685FB61A36E0A327E81B983DE8000DB2D3DE1EC1F3D0C4D79CE74FD3770D14A06231331F848A007349FA685C076AA7AFE88C379A5FC396C2A8633143B8F4A5059CC352603D8A572B9F3ED2F897742576EAD72FAADFB4B17963D3E99DE4CCD87F665CB5F208E6DBEF0EBF194178A37745E7DD3BB76EBD269E7C1BFEC73FB2C2E7DE3F74D7ABF43D4E5F78043F855D7062283E246A742AAD7A184F933DAA47F14C9D56DB8DFDEAA4496FE8F4136FE84E8F9DA5EFE8CE8F31320B81C6987876A199929F5F90782776A5F72D2F583A9F6CC3AE3736FDB84BEA8D5BB9947AEA15A0E1F4A8A71E93675FADEBD36CD5EC76ED13F6699E31EE8F1931BE683916336A391E638815F22D65E64DF643E42DF3099BFA083A0EE8CC35CD1E095C93AA6C9AE29E065F7C16B8A7CC5CB358C4B278428C445DF380E29A72828FCF02339015BF14147FACD263BD3BD979D23AC92F15AF3CFFC37ED918BDE052DE0A512D58D907A8D1774293BFEDE34DE173DABAD286EBCDED8F86BE0D5F38FEE7F05F70FA7FEEFBC3D8E39B972C6E03BFECE26BA7D5550F8CDD103EFFCE7F84CFE1067C07BE0FB71CB9F8D91D0F6CDA71F76D5BE8ED17443707C8CC89925036361CCAD6787D41FF70E482BC1680D72DAFC7BC27BCA7E6FBCCEB6DB79A393F4AD7E7A3D9FA0AB450DFC1AFD2C0EA1CBB21656BCA6EC383CE270DCF389F71EF9DB62F656FC633D923EE97A63936C4DC1E73BB6D6B0ABF1B64B11B2C226EFA830005440A2773D3A9C08AA7574D27D30F93BB20A84304B43B835D71FD7164200EC7C5A9ACA96C4F0FDDB253E554923A4CEE920D56437142550249A0D809B4C6AD127C27C50D8193F49368778EEB24B721F9A4DD35E39FC221FB5A3F40AF7B0266F62D49E06C233B4136D2C4E4CF34C042632080FDD11B0ABA90D03B759E5DD406F3275FCD7293603CFFDA551FBFFDBB3357376DDA121E7BEFD7B73DB67E64455575D38AC54B9ADC1B1AAEE8EE6D58D3CA39A63FDEF4E4BBEF3EB97A4FFA8CA3D7BF196EBFE1E486D7F192BAAB56D455AD681ABBACF7E61BD7AFB9F12E1AB376C1B9309D7D5FF3533959E4052D47446D326F3DC0618E432A7A2D49D41A8D0E69048DA43A4EDF27B0CDA9A1DAD064E0BA0CFD06423FB519308CC2F197E8A429A73BFD0F6E4E95372EEC6C9BA5ACE01CFBDE869ED106DD2CFBCEF736E39FDC4CFC76C1DEB10CA7864F8E1D150E8FBD4C4ABEA920378D6D81D30EFBB6949D7674D1BB98BFC169C7275B48553E96F2F7E4937C1ED1BB97FCA9EF27313AC23F4DFA85B781FC5239064BD6D82096A62505AB39CCBE6DE18671832C02FC3132835C8649F34BB80376A39FDC30BE5569A49B94B38D748F1708C4C0C9FCC8763C3B7C967F1A07C2BF9FB81566EF86E6CB89F40A387A1BCC3541467CEC32982358F53FBD0A86BD49F42A98BDDA46740E84541FBD77CD071F2F5A612AFABBC6A5A1B5E8898F8ABC347FEBFE1B72BEF9E6E2981969BAA1AFC8FA47F1D473C28B51A9197DF3CD379BCC68A265FCAF40456F900A5103E7455BF98F501DDF834A20BF87148215BD8E9A01AE517BD166C877405B25E4BB8565E87268BF13E00C801F50ED47F7405F0475F7417E3FCDA1EF528A0B898E7B25A41F93FDE80DDA9FCDF311BA97F683742FF4CDA6F342BB13721D8CF160B4BF0FE0FB007E0CE01E685B062997D1D8839E807425E0F7417E05A45AE8BB8BD2087D8FD0B1E9BF17448771067E92ECE77CF03BCA0705A370A7EA3ED57F682C9AA59A014D449BA6FD4427E836E9DED4B7EBB71A04C3ED866F8C29C6BB4D379AC6CCB9E62596F356B7F5E198325BA9ADCD7621B62D7657EC317BB1C3EA38E4F8CA79C079C67593BBDA7DD8FD9E47E32964D22D40FDC88CE6833510C8B3D032D0C102FAEF06596B2DF739A2FF7210FE889B6980637AD2B2128509D29047A33087E690CD51984736B2330A0BC8498E466115C0EF4461356A99184783B2C937515844DB056D143618FCC2FDE376800DD6C351182321E6F5280CCB9A4D1D8539E48BB9108579A4B5E1282C20BDCD11855500274661359A31318E0639ADAF44611195DBB2A2B041759FAD1746C63C9592D113138579E4F6A8192C40BDD69319857964F7C4335805F52A4F6914E691D553C06035959B6769140659792A19AC817ABDA73D0AF3C8E96964B0084C4E235F446145FE0AACC85F8115F92BB0227F0556E4AFC08AFC15588D567AFAA2B0227F0556E4AFC08AFC29AC65BC7F148529EFEF315807F556CF5814E6D134CF7F31584F698BF34461A027CEC46023B5B4B8C228CCA3B838456EF41FAB59A3FDCD749C68FF182AC3B8A551186418A7C8CA46E9895B1385819EB82B191C0BF5B6B89BA2308FA43885473BEBFF7814A6FD1F60B08BF53F128569FF030CF6509DC6FD210A834EE38E33D8CB74BA340A539D2AF4F858FFFF8AC2B4FFC70C4EA23AF5AAA330E834EE5B06A753F9787D5118E4E355EC2A938EE3CD8DC2308E3785C29A49F2D74C92BF66125F9A497CE927F5D74FEAAF9FA417FDB85E9E810D6A0E2C9B335010A03AD4865A215F843A5107A45EB41175B19A522875034C9FCD50DFCE7A4C879612B4167E12AA81BA3580DF8B7A58A915F256E8BD1E9E2DACA7017EF3A1B4126A5BD106A8A962A377C0BCE3F32C84D137C2D87D308E04E376C298ED6815C0AB00EE82B6EE8979A409EAB3512E40FE895201CA603434C3085DD05782799B611E3AC62A744DB4EFE5506A835ADADA0734F64CF044E5D0CEF858FB83F4AC66B290D05C28AF84165ADBCC24319547659CCE28A7129BA50F5A57317E6969358CBD0170BB594D1FF46A619293A07E5C1F954013954E3BC3EB60B29DCDF05B598F56742DCC4925DDC29E5294A2F1BE12ABEF811A2ABFAE090D5EE283B6F70215ED80D90352A092EC88CE3FCE4533A3895A400B9B91D27C0DE36EF5FF91F57CB7E7AC29B3CE8596B58C9754E8D9CE68EF9C90581AAC58544A3D139CE4C3883351215824E591EA2273628C4540DDFFBBB6AE65E9FFB7F7FFAFD8FB3FDBC1252D95314BD8007D3B401E548FABE1D71EE52993C9BE13E86967332C662D6DCCF29A616CAA9B6A6649DDACA59DF9512D3C2FF14E6536036C772668B481494C62FEB5914948E1A877424BAB19ADBDCC2369B98B8D712DB4F6C24F91C74A863B2ED172B414A4593289FFF1962EE6552D30CB2A36A2C2C30636D72A664BDF37AF526E6736B6965993326B2FF4A0B2A5ED5D516B92982DB644E76A8F8EB02A3A562B7B4E6751E6BB9CD31E6B19940A786953F4FE437475FCD3D8FF73294DB6AA715D77333B1AD7DDB81D7D3FF7CAECFF4CD7EC4932A09C28BCF4B2F9C6E34C37B3C48D4C7A9D20FF0EE67DCD3FC8A922E9E6295255BCA833FA54B85260EACF5D51AFA6D4AE9FB05E651CDA93C68E7FADA3F1A8361E3B57331B5FCBE81D97D7543FCC60326E66704B54A3FFECE7DFF5DD5416EF28C5B3E06492C55AA6B339AE61DEDCCAF4D30C7594D735D063BC2D2B3AE68AEFC48E34464933E076B1D95A993415DEC7A9F9DF44E7FF613494E2BE33C6C2F13124EF845D5E0D758AC4C7F5DFCA5692B5D1287AC94EFF55841FB7AF1F8EF2E3DAAB9EF0839E49ABA7625F8AC5B446E75BC32CB323EA2D198CEFEE680456D67C1A219A990E145D8F5B6507C3EF8AC63665061A219588DB31612DCDE8D24A373EE6FF457D4C48A999F1DE198DC6E3D1A085D5F4816C148BBFB4FA4B2CDEAF8DDA4DEA388D3FAC5F16E1A7AC75A0F1B44932A25A56286C9FE213FFE3F158946E6778E3BDBF3F56657C27568DCBFEBBD8546A4A749CCCF7385D97F621973CA76FC2C7C77598C1A277279B65F544B9759285D028A468A80746CB98582D14AA57325A949E3D133DA7C613458759518DF7304F593B41C3B86F4FB5A5FFB9542FCD30CEE5E47563AA4D5F92C40626C76BFF0FF5381EDBE93EA9232A99A9EB692752F64E97E47235F458356925E8FD17315989E32D8C83F1F56BD63F45F36618B593459EEFDF7D2ABBA3F175E3928CC6D7A64B729A1C57A662F5B078A1E86B6594F7EF5F459B7F40ABDD1312E86196DAC146573C49594B27AFD1FFA7563079AD9B0FBB27DAA30A5540E90AD845D5B09A4AA8A33BBB1A685906A532A82D839A14E8511B6D4F611ABB82AD49F3A1DF52B6DE2963D4C07331941B58ACAB40122BD3D202E8BF18C6A2B8E5A89ECD510EA3D5B29E356CEC4550BB10F2F2683F8A510A354BA14CE1792C1A2AF32D062C653F5D195D1F154AEBA05E9AE0702A55956CC671CA1641A906C69F1F6D2D81B12BD978947E3A7F0583174FD05911A5B484C9888E4CC72C8DEE436B58ED52C8ABA15F2D9BBF84F1AC50BB98F15001ED0A2FE58C023AF3F428AF4A3F2A9F65D116AA234ADF42F85DE2AA84C9603EA3E692FC4A21AF06CAE9F8F3A0B58EAD14558059C638AD65D22B8FCA8C72BB90952E71A568AA947143A54A655006F02248F3266457C39E0A2D3593469B2ABB2B58FBA55E0A7F25D16729935C152B29DA2865A53AA62BDA9A11D5650DE3E3BBB35EC12CB19CF52A611CD74E584805B35E85FA71EB54E6A89A4489321FD5ED645AC6AD5AFA173EA28C32DEBE34AAE97F960B957A099309A5AB7662E61F1A79FA33524EF68CA054D7D62A2DEAECE8ECDDD8D52A95767677757637F7B677764C974AD6AE956ADAD7B4F5F64835AD3DADDDEB5B5BA64B06C3FCD695DDAD1BA4AAAED68E3A8AB3B07963675FAFB4B6734DFB2A695567D7C66E8A23D1E1B373253FCD0A32A49AE6B55D6DD2FCE68E559DABAE81DACB3BDB3AA4F97D2D3D74A6BAB6F61E69EDE4715677764B73DB57AE6D5FD5BC568ACE087D3A6152A9A7B3AF7B552B64AB7B373477B74A7D1D2DADDD522FE5A3B24E5AD8BEAAB5A3A775B6D4D3DA2AB55EBBB2B5A5A5B5455AABD44A2DAD3DABBADBBB28836C8E96D6DEE6F6B53DD373B23B001F6668967ABB9B5B5AAF6DEEBE46EA5CFDC3D219AF9C55D2DD0E24CEED5CDB22A52E6A5FD5DD49E94A5BD6DADD43E7C89F3EB390F5C8A43D16D54D8CC54457D6DDBCA1BD638D54B57A35D027654A359D2BDB3BA4C5EDABDA3AD736F76448D5CDBDDDEDABDA9BA5DA66C6658F34A370664E43679F746DF346A90F18EAA5A25BDDD9D12B35F7485DADDDD7B6F7F602BF2B373281942F5D58C2F8A485AEEECE96BE55BD12CCB0A10DA698840B797BC7AAB57D5454BD9D524B7B4F17A8436AEE6801AC76E8B00A7AB576F44E97A4F1C93B3BD66E9452DBD314194F1EAB63BCF7F792A4A88472DDDDDA43B9A3E29C343DA04F8C359B5190DA0EB3F4B65E4B65DFDD0EB3B6746EE858DBD93C795220BA5921154C01F8ED84A9E0D9D7DB0526D5D2BA9E8A17FAB4B5AEEDFA0E4706AD414BB5BCBA73EDDA4EA68DA8AD64482B9B7B80A0CE8E09DB1AB7A2D4B6DEDEAE595959AD1DD337B45FD3DED5DAD2DE3CBDB37B4D162D6541CF15512B4CCB909ABBBAD6B6B7F6D0D9E930DFEF36DF67EE6F457B2CA43DDEA6B2BCBA1308A7FCB7AE6F5D0BAEC0643AD5B1A8BCA6B81665AF9AEAA087D923C80B04D30A786BBA9B41002D19D2EA6E701430F5556DCDDD6B806B2ACA8E8D54713080D4B9121CA4838AA5993937EDF9BFE38392D4DCD3D309664CCDA0A57355DFB520F866C507DBD7826C52E98853F8956AA3DEFD761AA3A8A515066C5734F1BDFDA40DEDBD6DB47A92556544AD8A523FDEBCB61DCC51999B8ED5ADC43798A18F6A9C7298215DDBD9D2BE9AE6AD4C205D7DC0504F5B06750B187A655F2F54F6D0CAA89D008759C0784F2B044C18816A3B2AA5EF259521D02915DF884A9A11B1A1ADF3DA7FC123B5F6BEEE0E2026EAA79D1005192D57B7AEEA1D37B14B960C36DED2CEFC6BD6B89937AFEC5CDF3A294C4338A2BEC128A2DED475C956A24D3D6DCDC0D7CAD6292EDA3C89D56E4A404F2F98138D84E0A58A47FF2B11285E37BF5CAAADAAA8BBA2A4A65CAAAC95AA6BAA9655969597492925B5504EC990AEA8AC9B5FB5B44E821E35258BEB1AA4AA0AA9647183B4A072715986545E5F5D535E5B2B55D548958BAA175696435DE5E2D2854BCB2A17CF93E602DEE22A580F2AC11F61D0BA2A894E181DAAB2BC960EB6A8BCA6743E144BE6562EACAC6BC8902A2AEB16D3312B60D012A9BAA4A6AEB21462688D54BDB4A6BAAAB61CA62F836117572EAEA88159CA17952FAE9B0EB3429D54BE0C0A52EDFC92850BD954254B81FA1A465F695575434DE5BCF975D2FCAA8565E55039B71C282B99BBB05C990A982A5D5852B928432A2B595432AF9C6155C12835AC5B94BA2BE697B32A98AF04FE575A5759B598B2515AB5B8AE068A19C0654DDD04EA1595B5E51952494D652D1548454D150C4FC50918556C10C05B5CAE8C42452D4DD10874A1E5A5B5E59768292B2F590863D552E4C99DA74F7A6540B795ADECE243B91E9EDCD28BFAB0010E169F4DA95DCD8E2D936B2A186EEFE43A6E1B778C7B8D7B199E07A7F4FDBFF362E5FBF869FF277EE815193D8EAD671750C0DD94D6796CCC1E76C0EE6587CCA93C7E06F935E82BC0FE0CEA27B72D6318936BE6B37C3D93D5D4966A7608EB66073A85FA8D3F48FD140A781F3F879FCD97F2F9FC4C5EE62FE317F0855330EBBE575B0B688E6740FDD45AAAEF2EE067CA1CD882FEC225823EA64AAD337AFD281C46712CED4371BC1FC52114393D9EC2ED91D3B48DE6E47384B05749D1BF41F41C7A0FA762090DE16F90035DC02E20AA12F1E86BC4A103680C3D806CC0C22E6C4549C80E3BE74ACC439F00BA133F12591FF90C5D86EE454F445EC23747F643FBDDE857E80250F0671EA30210DA52F8B5A2CFB88F5143E461A4415B910ECD4635D80E64BF0BBFBF030DF7A1FBD1CFF10D910BF45D30BA19C62B02464B22AF442EA2747427BF5338291E42F7A023581559156947D35002DA4E029177231F223F9C5C7E8A9E039A0278949F8FE24174B7A107B18BFB15400FA0275118EB4923572ABC0C3355824974C0D97A3BDA8F7E83ADB85A38299C8B5C1F3983542806A5B23BC1CF701E5E449EE2F59139910FD0956804FD9AFE074CE037CA5FC9EF13AE0C17471E8BBC8A62D14B588B8FE257841CE1AEB19B228F479E477AA06706486431CCB312DD825E416FA0FF427F235B225BC0F46A61E65F622F96B01F24FE2E7191CD6433F736739346A0B60FED4121D0C86174041D03D9FC019D421F631BF6E0CBF14A7C0FFE1BD19316729C7B847B817B87C7FC3320EF44940C32EA454FA117D1BFA1DFA2E35860FFC9996A7C35EEC4BBF163F81409912FC8D7BC86BF85FF961F13FCE153E16F238B237F474EE40623DA84B6806C7F8A86D00BE8DFD1EFD1DFD07FA3AFB019CFC46DF8711CC2A7F017442409A48A74915DE429F2336E31770FF70A9FC7CFE5AFE17FCB7F20DC2EEC5037ABC317F786EF0BFF2CFCBBC84B91DF81ED18617C3FB8673BBA09ACE229F4327A1B467F1FFD09FD85DA0F8C3F1B2FC757C12C3D781BBE1FFF0CFF12FF0E7F0E5C22F64B20B34919CCDA49BA414E3793FBC8FD30FB71F89D201F903F91BF92BF730297C0E573EBB8C7B91037CC9DE03EE1CDBC9F9FCECFE0ABF8E57C04349323CC136A85A7856785578573AA22558BAA4BF5A9FA66F5AD9A7F1B4B1FFB731885DBC2A1F010D8AE062C691348E227E809B0FB174007BF0189FE3B507C0A9D072DB8713C4E01BA0B71055E8017E12BF08F702BBE196FC5F7E207F123F809FC3C70003C1035D01E2025A496349356722BD94A7E4C5E80DF61F20679979C246781720797C805B8195C25B79CBB92EB001E7AB9CDDCAD20D97BB8FDDC71EE6DEE0CF7297716B4E6E0A7F17DFC26FE217E1FFF02FF3B61A1702DFC9E105E164685DF0917858B2AA272ABE25459AAAB554FABFEA256A9F3D5D5EA3BD4EFA8FF5BD385E3703A502E4DFE848DD06F85A791FDC4C66FC167A1C28B796402CE03A0875AF08AFF46C55C18F462A4ED405B2C71D17F2380904AE64380DF8B8FA03CFC4BB44545388C107F0A0DE23F9253FC2FC865E8F7B809BBF87D5C87F01B128F9E8568B4931C2547F05CF4022922CBC8A31CC21FE3A7D1C760EFD7A1FBF135B8073D8BCFE259F8465C80B7A077889DABC5B7A2A2C81384C722AEC4E71050806EE25BD055E85FFEE142F447F459F827BC81BF01E2D330DA051A7D0E7D889F41DF6021F20544370EA2513344993BC1DE6F4334EA35829F6D017F74410459AB3A8E5EC02A84D405AA39FC26740EFD037D261C068B9A0B91F44CB89DFF09FF51A42092091E065E869E66F779F3C0633E062B3906655AFA1178BA1662490E7875355A0E21FA46887AF74442914723B74436463AD19B80FB0DCEC0DFE001F08861C02842BF86DFDDE87DBC03FC70DEBFE6F387FEC22D68147D8E9D3819E7803F9C15D60B3B85FDC20BC2CF85DFAA6680B46F458F8045FF05AC590B1CAC42BF439FA3AFB10674E342192808F4CE04DAEBD15AD2C01D43A5D80D0BD1DBC049019A1BE5A40746B919A4F728F8F331F08D7310277E847E8E4E62821DC0D12A985F03E32C0039AF80DE7B4183B7E021A86981A89D8EFE0A7C1BF14CD20BF3C930D22E885AA340D31FD12720ED08A32B03E242195E06637D8DAE402D30433EAAC60741032FA2427A33C7FD1BC83B099BD15C9C809F04BC26F05023F2A242E1234C50467871642669E78EC11A1381FA0158BD3CE832BC0EA830011F63281657A1BC700DD0F036E6F8107E8B51F110698D6CE53684D7A237D133A013995FAF2EE3BBF9DBF86F65D805CBC5732E2B9A3DAB7066415E3037674676D6F4CC8C407A5A6A8A3F392931215EF24DF3C679DC2E27FDA7D531568BD96434E8755A5143FF336C1CC128A33CB1A2490AF99B42BC3F71FEFC4C5A4E6C868AE649154D21381F862AA6F609494DAC9B34B5A70C3D577FA7A7ACF494277A62B354848A3261979F28857E5B96280DE3E54BEA01FE71596283143ACBE0450CDEC96003C0F1F18020953BDBCAA4106E92CA4315EBDBB6973795C1700775DAD2C4D2566D66063AA8D501A80328E448EC3A881D73300388A37CD641823406202AE44E2C2B0FB912CB2805212EB9BCB92554BDA4BEBCCC131FDF909911C2A5AB12578650E2DC9029C0BAA052364D48551A52B369A476CA0DDA211DCC18DD7EE7B019AD6C0AE85B125B9A7F541FE29A1BE81C9600CC5B16726C3AEDBC5484C1ADA5F55B27B77AB8EDE5CE768916B76FDF2A854697D44F6E8DA7CF8606180370497245D3F60A98FA4E10E2825A096623B735D487F06D30A54439A15C29FCB52696D39AA6ABA590983837B16DFBD54DA01AF7F610AAD9183FE876CB239153C85D2E6DAFAB4F8C0F157B121B9ACBE20EDAD0F69A8D432E59724D6DC9CC3868B628823D68344501BD6132D03AD1C620D69D420B6A26248B2945899560102169950494D427024F33E9A37526DABE6A267483BF060C58A116D0487B482C6DDA6E9E45EB297E484836274ADBFF8EC00212CF7E31B5A6395AA34A36FF1D5190DAC984A941FB381C0A0442E9E9D444D4A5A053A0710E2BE76566AC1F26F9895D660932101FAA06D93637CCCA02F1C7C75305EF1896D14A2884FA97D42B6509ADF40C22392BD010224DB46574BC2576296DE91F6F99406F4A044B7E817D431B1BD2F827FE6732DB63CADB6685B0FD5F34B72AED0B6A13172C595E2F956F6F8ACA7641DD9492D23E73A22D0A85624AEB390F8942C4C3B15630CA1F4D74A6857A7D884F86FFA99851B78438304A5681A58A90B969BEF26CD0C6C7FF20CEB05A33096938728E62B1EC125A94CAD0ACC0D4F2EC29E529D4E9B773402FEF270BEA966FDFAE9DD256010168FBF68A44A9627BD3F6E6E148FFCA44C99CB87D84EC23FBB67795378D2B7438727887275471670330D1866781B11234F76022DEB6E4A08CB7D52EAF1F3123246DABAB1F24989436CD6D3898046DF523B05F91592DA1B5B49216245A400B30D8F920D1B0FE9E1119A17ED6CAB30A565E358C11ABD38CD761B46A9828756665223F9B48869DE6AA615E6991C77BF350A751EAFA95DEA9D1DE1A6831D396C3ECFFD786352A7F346894D6D54F3607E6630D990895E8511D7780FE481EAC533EEE79EE67B0E6FBB89F0DA9BCBEFE1203F71C3A008920333C25480390382473CF0DA90D39F230E4561BCB07ED819C91C82800B372597DE6FD39FD47B96761B9CD85EA670797D2EA6787E4B21C96E7CE56F2AC192C1FD428CD6A5B8EAFC40D685990083245A12A487743DA03E965482A20E859F421A408248E7B9A7B62B0C207233C0503994A6CDC532059199EC72145207140FD53C0CB53E8CB680D0F54FD7448D4D3E97FCAB03CDC4F01CB044F33A47E4807201D8724A04E78EE811481C401045B7148847B827B7CD0EC339768B99FA02D9008F7303261FA4FF147B90787CC4C360F0D996272E41233F700AA864450885B8446211118F61E40BB0711E8BE6030730613E18221AD31C70CFD7700D13B80901D30E5003C312BCB9068FF1D4331763AFC2D83260BC3BB7E303BA8004366674E3548E13A84B956AE030E633ED8C477C056C7C7AD829CAA7A25D7820C8C4E79C864CEE987F98AA17B31EC69D3A0B984B3C34ED1C795716ED8A5D06E7D8346659EBEC1D4F41CE0B89473B22E26CE009B341FA7E1D483393EE9082733E16F1B127594BE6D83E6D89C63DC6D9C1A0ED13EAE1F7A397CA6639C1634AB659CD40D89869C9D257AAE0ED8AC03B1F880460C52EE6003750CC2402516AE9C8B8383A58FBB86F3C221D7C75570D358BE8F7B1C8E733EEEB1217F9C6FF408771FC3BA970E0AD3CF514C6BCE90C198335A2272F43F5C1CE2EE0205DCC526DF39E49F095B623F978AB2211190F11680B630A3DF0ED076D0DA76D0D476D0D476206A3B581FE2EE80963BA04F16B70975711BD04E487B00A666153B08021D6140526ACE08E7E29C2018F3111025865AF79068A4943907AD31AC9B73486FCC293EC6F5809DF7C09832D73BE470E6741EE1D2192B19434E0F45E81A04733D064734A61A40B453951CE3E2401054305E6EDA60AC2F54E2833235641FC2E437E4041512799BFC9EAA9B9E5259FE6634FF6D34FF77258F8C92138A5390B7687EAA248E7C4CFFEB6AE44F680F40841C21BF40D980F00119A65490F7C9082A86FC24945B201F813C17F2C383F1BFF60D93E121C880F647060D76CA2CF9C560202B0AF892A380C31305ACF69C9264F22A7905C5C110EF419E04F92B64142540FE32A1FF52D14746619FFE6BC80F41D49A0DF90BD1FC3572949A387989BC0827061F191A34521242836A9A1D1854D1ECF941A494AAB37C47C9F3E459E486AE3F1BF4BBA1F6E9217F92CF7404C6C370A6EF1DF4FAAC255AF238AEC7E7A1D3009C27204756F2C460011D64E7E051C9374276929DB2B3404E9633E5BD5C76727666F65E4E4A9632A50269AF546226774100D943C07FC90E7816208980F5409221ED24770CF205A19231E089F245503F3C0718D404CF2E06C1D91699275ACF31A898DC86AA2011186333A42D90FA21DD04CBC44EB209D2F5906E807423ABE985D407690344932EC0E8028C2EC0E862185D80D105185D80D1C530BAD8EC7D9028461360340146136034318C26C068028C26C068621894DE26C0686218D580510D18D58051CD30AA01A31A30AA01A39A61540346356054330C193064C090014366183260C880210386CC3064C09001436618D980910D18D98091CD30B201231B30B201239B61640346366064330C093024C0900043621812604880210186C43024C0900043621866C03003861930CC0CC30C1866C0300386996198997EFA20518C5380710A304E01C62986710A304E01C629C038C5304E01C629C03845361CE44E94FC12504E00CA094039C1504E00CA09403901282718CA094039012827A2ACF7326110309BCD90B640EA874471470177147047017794E18E32F3EA834471438011028C10608418460830428011028C10C30801460830420C63003006006300300618C600600C00C600600C308C0166B87D9028C6FFDE28FFD7AA2137E17A0DACB5A41FA7B17C0BFA82E59BD14996DF880EB2FC06B497E5D7A39B59BE0915B07C03F2B31CC663792FF269F0A0AFC05462871050056905A44E487B20D14DD2CB90D40C3A0EE9434811922727F02675957A8FFA80FA65B570407D4A4D4CAA2AD51ED501D5CB2AE180EA948A48251E62607194FE67FDEE66CF2DF0FC12122C22F02C66503109C2BC4188B379F00B92A06C392B7D998E8FA7E397D3F181747C773A2E11C93CCCB34827A102D8EEF970BDACF7CFF19D8454E04F990391E9AE17BF70F806FDF9BE617C54C9D2E400E45F403A08692FA49B211540CA8194092919928FD5A543FF7A39213AE451482990E22149740A64B7C3D1C46AD1C823C480F70EFDD280E87F697C302515F08E0CA66443363C985205D94B83292B7D25227E11A5D05D113E049A7B16F20383BED3D0FC33257B6ED07704B2A7077D41C81A0753A64376E560CA6F7D2506BC14F9788A5A17CD6B816F9AD70CFA9641B72583BE34C80283297EDA3B1D264A86D6345C8F4E439E1CC54A52664A1CF4CD862C61D057487B6B500A553C56A14C469E0089E6DC1010F4E508AEE7B1ACF39DF5DDE7FB02D0FF0A8205F3785F1AE6213B9E4CFF53295ADFD1CC9F40E712DF608996F687F5E160340FD1FC906F6FF21DBE47602C9CFCA2EF21DF74DF5D99C31AA8FE31D07D079B62D077331C379F95637CFDBE6C5F6FE6695F8FEF725FB3AFC6D7980CF583BE1FF98E52325103AE27CFBEE8AB86012B818BE441DFBCE4614662856FA34FF6A5F80AA5A354BE68A6326E41E6512A01F4FF947605BB4D034174D709B109B44D4B54054288532BA1D4842A954A40AD9AC4D81CF0A52245B22987B455A4F64425DBF416E0500984403D710E970A715A27970409A9527EA21FC00770E25A66D64E5A506E6CE29DF5CCDB196B77626756F2EC5260FD2E8CEF42BE873EFEACDCA3D3D505F19778246E8A9AB8222AE29C784BCC884969464A4893D255292E49524C8A4A8244A42426D452F1EDD2648CBF7E1CC35C7A24CADB09016B4C7F8FB1079504F284B06B115330EB1A35D9C90E31B765F6BBAEF4681CA2B94B8A46D98C49CC0D8D3D50CD9E78F69495559389EB9B964FE9271BB84C7807C1D286D5A367C83A4CE3B2894FC9E1C7749F507AFDF0A36D93D4ECAB4AAA32B336FDF0B13EA66A84F585DD4752179B19F6D9AC5BEC5BC6664BD838CBD8267B8B8B2A7D614A9830F4BE3089C4B6FAD17D61CA788AFCE8BE6E03EC278781374F028CDC460230492332C2E07EA2210CE628C015A03BE0724800179F20058E2BC427382E4A11E79FCA86EECB32C7E40939E598D33CB980018F81BEBA5F28709422530B51D452647E6177B8A26C1620C52C8750F85FC715652937C616CF21F910B23C822C735B117A8EC90698E4FC10939C078CFA9FA5A9A9B45BF25A035CA76A2846138E06FBF06A37C5DE6CCBB2DFF2C205AC42637B6717E95693794A53672D4597FDD2608C7880E292A2FB64606C58FEA0DAD43BA56AC950B674BB5B59B56A7FD97A3FB265AD8E51B68ACA2CB455A98D11D7505C415B35B455435B956A85DB32F6D0EFD72D5F229AFDE84540BBC29538F870239DB3B5D9C4FE1A3A747F25976AA5BF4709FD4AAEA836BBAA686C020E14156BC51A8AE07786A2495C8C0C45A9D64A2EFD9D7E0D4509604F2B1A19A5A043106E616AB25CFDB985AEC2AA5BE3E7CCC1C2C52962ECE9F08573971FF0B98824CED8E28E2B9EE7395879AA4388C916EA26BB8F1BAA8A22986AE836F0EE0D799108E7F9972F1BBDB31310AA7011D44573D852296E48548D43D4250AED585B14305470BB37324B2F7FC013FC351C10C709079D451E3E0B07DDB93CC62F6E777139A010AE22EDDCC82D61B6AB3274459A0F6875BA088DA3FC51F1A8DCCEB78BED720C336C1E03337B8C8FD2CEE27184B8AA331C0868BA3609F649027B5F3A3733DC701B1BAA6AAB0E4F0249FE1D6A354C0E09833E1A5827D4EA70F5EE704202BE132A819908AC7BC36E5ED8890B3DDE2950129C8DAAF3E27AA80AC713EED27F00D5C7DF4C0D0A656E6473747265616D0D0A656E646F626A0D0A31382030206F626A0D0A3C3C2F4C656E6774682032343839322F46696C7465722F466C6174654465636F64653E3E73747265616D0D0A789CECBD0B7815D5B930BCD6DC67F6CCDEB3EFB7646772DB49482040C22518CD201745AE72D9122485000102210949005154AC0A7869457BBCB5B6E2A5DEAA47240122A2A69683AD2D475BAD3DDA7A698B8A569463395481ECFCEF5A33B3B3237A4EBFF33FFFFF3CFFF3FC4966E69D356BD6E55DEF7A6FEB5D138411420ADA8A5864AC6AD9BCB2F8E0B00390F22442ABBF58DDD4B8221258F40142CDBB206DEC6A4890E5D15EB8FF0FB82F5ABDAEEB8A3FC7DA3E82FBB370FF654BDBF2C6BE2BAE1E8FD09A93707FCDBAC62BDA5F51B77008ADED827BA3B5715DD39BC2C610DCFF0B42890F966FEC326EFB70C731846EDE8290B06865FBAA753BDF78E942847642F9E2CFDB3B9ADAFB4F973E83D03DF721E4FA0831A4B13CFC426B4574610F838F0A622F73AFE9473C7794458AC81DC5282A09FC51863DC88C4232BE178F409172FD546D7FED2CFD64EDCCFE5A5407B07E164EA346E67BF3BDC570C28843670DB6EFACC9A333C8E0FA10C2682442DC01FE00D474B65B6054B5179B3D29D10104D1E5B2520098A86113A5101EF80AB9908BC2C881212BAF6A5656003259CF20156976561B36DD299E49702C832451E039B997E9EC3638CCF562BC5F303053C96216E0BD181BD0BEDE8163A64BD7990548F278E0DC3BF0458FAA52E02F3D9A4681B3902210200D29048012A57DF7128C94D39F865AFD241CFD471B3ED46B75404E1D450C2ECFFC007AC6E407F3BD8C3F9DCBDD9C8EF3DA534F9DFE3B62D0F481635C82BB0005512E7ECE0CE7A19C20B3806DE01BE405AE26762DDF2637B9A460EFC0515AB51700732E817273C8B9C4F7167F3A702AC68DF24D888ECA99E89B199B9873A96F71746E4EA36F5DAC31E70AE18AE029E654444721ECD1C2E139A1A5A1F6101BCAF1ECD477E98CAE73F11C454407982700997D3D0411B877A0CF74EBBAB040C718DFE9CFE15CE189FAC009C0AE4A311D1EF8223340E1812F9146B0DE9D0A9B5AEFC09F28CE00F88CB617804F28F23452A85C32AC7AB786B5581EDC751727ABC9757FA2B07A641ECE0B3D3770D62A6A5F2A54A54B3685E86E9B42744923E36FFA537A9168160DABCE13EBC4D9222BAA0E51A95686F29468B85CCC023142C651CC210D12A1140160D21431445A264613D5E322E540CECE103594CFEC87CB51485B5F5E7E6A3D499B791C4EA8EE787F033CA83BEEABA96CA8ED5F5F8BBDBE9A1A5F0D8C70038227E5787D070E0B426101F2EAA86A34F206C4FC50A86AF4589C9F2C49161608EC770E547CF6ECC7E9CF71E04FBFC76E7CF698B2E7C6E5B7F6BFCD5CAA8E4FDDB4E5719C0A3FD483F3308B555C9A7E37FD956E3C7D6035BE73DBA4D58F00955E0F53691CCC2216B777338A8D1156C99A3367B3E6CC5967CE302E1B372C0099ACFD9991440E0C5939CD9A5E2C0059A56A99E965C3FB53FC58825E9E8CE1B8F1D5F45A3DC6BA8E1C655D0B8AE9D52C0E86AB3D7C1E7F3FFF1ECFCD86D3099ECDE3DBF9ADFC00CF011F5218B698CC415A12B99AC1AA31D5F723DC874EC0E440067A0DBD0F6CA577E04B4A9B009C3673DD6E80383A4B15D2141420A38B2442B359B37460C099B7674D8542B3B88BE60CCE5A32E6EB3BCACB6B093BAB238349EEBEFE53E5ADF25EDFC31F383D7560C09AADFC4B4C92340E8BA816FD1D9869DC7433EFE79FC867F21574713983F39F650A50192AC7E50D63080FF423C46CE55F47613CD64C0464EC8956464746CD687BF447EA7DDAE39A14D34AB5DDD1BE28172528C88BE555E74A1AAB7A72141C64CA037E8E1590727F000706FCD674D89FF29B5CD8991A61C91EBBB035174C572A5CCC2196B9035BC81D6523B73C27AF7A27C25193B0BAA8A9113C06285E4B29F32BA098ADB0D9DE17A68BE2D8C22E99C936823FECF17828707A3F45EB4391E8417C00E5A353580139517E2A0B7D303D803902532433493F5E7EBC8170C75AC079DDF11A2F4CA1499BCD80EE156451900446D0655F1C79054F1C03F6865D771D2E5FDF803AAABC8563802EC68D1D5B353A2C9209150C56050BBD7BEEBFDF1FBB7EE38CC5F1F1A3E74E7EF555F687B7AE5F5B3DF532DF8F95A94B97DD7A7625201E4D86312B010EABA1287E775F304288C30F6C9F528987F0FF260245E9039FA844D58B848BA594502FAD129A25A95A9FE09B101A1399A24FF74D0F4D892CE617CB73F5065F43686E641DBF4E5EA1AFF3AD0BAD886CC24159E0B5CBD9F9FC7CE572B5856DE29B94165509E770A237C7E50A000F1DE49B8181939959187078A8A9A702457193A03F6E5216064837BD6468C4086563BA9D7AA287F2330250664600322614A04C8E32F1A2E2EA912246A22E1AC0289F833A6D062B8E7A2F8EE3248F8BB05F80DD0E0DB91D7EEAB6C8CB9C98721721D54DE8C3472943A5549143671EE5ABC84D279C4AC9234449C284AAF3501DA05FB5CB454EB948A5E5EE4BA15131C282E9746CC8100CA593F5E50DA7CA1B0613CB6D3E5C771CA62950C4FA498B179AF23C7E9EBC8C5F2673B8A11E915C7E7D1C50080A06282FF607080B1E534DE865F2C337FDDB1F71E8AABFDDF25EFAF8B37BB66FDBD37DE3F63D8C1F977C7F63FACFFD47FEF65D9CC0DA6F7EFD9BDFFEDBAF5F2173763BA8471F02D584F021D3CFB3829F794CEFD5FFCA7EE43FC19EF20B1C20DA2C7069D59B757C8FFE5AE4FDC8408433A4803B10F2E5F02216429AA2B955370CFA97191EEACE2200B74300660EE03762925918A183EE2A25B02B40E6A2AB77E053D34BB0EEA2FCCE554073F40E9C84AC80795780E01CEEBF325D640C5C0AA102B83F65FAC838B8CCAAB1D5032E0C7FAE591132DEB1EAB1D5BB2327224C7B64576477A42FC24558A62A1872863FE4309590335E21CAA14FF578BD16FF1D64C4E173183167B38AD3846A0162283170363FEE337DD09C1380DD0C639F15D64F35AC1F1CE75A22826B815F40E29007360D50EDAAB6AEEEB8B706FB2CEE1112BCB22229A2C20A7AD22BB8E3D8A3F8E298B05FE020C0D411B079E0E241208D50281C0A7A0BBDD549CA44BCDB1FDCF0CED207E6E84ACFB0B517773ECA25EF7E7A4AFBCCD157F77732DB5AD74DBCE337FD0781849F0582D8C625A9BE3CDE34381E09A2CC08B51C5B8B054E616A2B09A5136DF201E9817B80A24F36AC3F0E6CEEB87EDCD614A0A5FE315541168E678F1C39C2D61F3972F6D12347E08D2DE94B99A5201B7474BEA9947830D27D2208B25E5CD58DEE774B7035BDE2FDEEEF2056670D96659FF4FEF85632671AFA4F1DD74F1D27C8209A66034E325E6090E3AA04117E83A0BABD77E7BFCF5C74F0BACD25E717022AD2971EC45F62F7676FF79F79ADFEE6BB9E7B3E9D97262D5E30F01197CF3F8212F817DD7E67C87D0EE0576D6AF03980DF99CF3E009E25A4FC0CC34C9ABFF059A23F02EB0252C5396E25110CE6F87A99E74C9787E312399A1BB850848810C2CC284072462ACBCB8F541EA9A4331B94ABFE43FAA1F25123E36635291DB8333D4F8F6DCEBD39F72EFFA3FE5FA86FAA7F8C4BB23FE21E1663FD4AD0E7F7BFE2F604DCFE80DBA3F5320F9B7E52B5E9DEE566DC6E8F19C47633F67B38FCBA49D47D1C31BDA441DE257A9B7EAD7E9BCEE95B4598A583EC58CC9AA56286357B536267C4CC076619C128A24718E8C4C9FDA479919D86EF201E833CF84EC8397E8F7B2F3E80C17C23CC15F21BC80412DA99D78BEF78E6163A72E5C74FC22FB03DA06F42D3603A5015D35630BD70E8C7F5A3DBA511E5FCD5FA21E42584BE9B99B4DB9CB3B0471EC98F741D18781FB103EFE3F1F0530FFCB0BCBCDE9A22FE71A1419E2796F8C1E4602D8E2802474C2E783E786FCB777B9EBAF5B25B4B1FFF3EF356FFFED937DCDE87A5AEEF9DFC653FDEAADF7CCBA1077FB867765D88F9CF27D31B17A74FFDF6E5DBF7BC0FCD2754E2E5FB804A73F13BD6809B4A2CC1F18184A68565224DC9C012C08C929195BD48A52A45887207950A0E186D186E386C4E1E7F4638B7A4935490C944CB20D805E033334AD80A14A95346A253A6A25356E3143958A6398B13B6333B5C3B3CBF72F3B2E88A3053FC3382974427C5E7FB1707C1328AAF15D7BA96FB5B826BA34BE39B994DC246D7959EEDC23DE25DFAAF226F336F0A6FBAFEE889659A348436BED1F401DA0877CA9436648C645D66E4890ABCE46494078E39AAB3BC33CFEBCC2DAFC369BD16EFED4E793B2993543354931199929D1559594176EE4CBC7C4B4676529979AADC2128475002EB6B70E84630A27A0E08AD3D8CE17A01C82704870F0E0F1C848CC61362AAAFAFF7EB3ECA277D419D01922949FA7542515E1D284A1416AC7D7DD7C63D5D17AE79FD813736DFFEECE35BB63CFEF8355B2E69605EC71C3EFFC925DDE981B7D3E9F42F9EBA673FFE71FAEECF4FE0D578CD67CDDB881E361368280834948B86E13D360DE579C0E65902564FBC34618265A805F8449C2F480434258151B14E041DA5273D11D6093D8575424F614A4F617BF08FBC7144FF378785341CD70F35103218BE368A278B66707274B2B1C837DF58CBAE1057486B7C2B8C2E6943CE8DD2B69C37A537425ED1A07674EFC0FB94DC0A0130E304CAA70F48B3E6680C342C8E5F5F421808B3DA949D46E25E98EF686FF1101A29CEA291E22C1A29EED4298DE8C0E3418442DF4E50F559DF59A14039DD0967B4130E612460B49FA3E524708DA9D5859784DBC2D786B9B0EE28FE3AF58998EE5498AA5D616ADA867B99A2EEF20C799437109AC8E637C729B280E17829C232CCE559E077EFF7941885467EAFC35D4801C4CAADC7223565454110891AEEB3952C2F55B9423890C578D833DD918A696B5313172C63261E5CD5D3BFE9B51BFE9C3EFAE39B8E3DF54EFFB8D9DF9FD5F1F083575DF90437CFBD66E4CC91177CF6A7E54BD3FFF8DDCDC7AFC1D3F116FCF8CF1F7BE9EC3B0D4FD4F7FEE49EA79F4643646493A99632A53A232B80459F4CA4A4723F0BC350D583EE67BFE326EA2F514FDCC46024F4E2B63C2714F8D4F4280AB3C0E3CE03E9F0A4CF96A3A4835F93A5FE42E4AD2E81EE9654117D4167FAC10E292F38BFE4CAEB0E2E9AF96AFA52FC3EFEF3C167EFBA79D1EFCEF4BFFD59FA8BB404F41D4388D3C1465760BCFF7E10A903A71DDB5A13EC91E59D21161C407600C5017867F40507901D407100D1F18E480E203A1C429232796C412D3900EF008203C80EA0D8CE957129DF4275B5FA43F571F5572A3F839DA1FD0BC7FA3023215560455E71B12230254D7B85E5022CCBB11A68781A27B2CF31CF21C001DE652A88E3200B7A45E17A9995FB795E3173F3AA1532BFC8C028165FA780E52202DA1F676AA25950582D6ECD1F23EEF430D42ED102D588D1198361196B72320B0038BA8FBCC3EC75F7E25BA938FD94F03F42E7D48F53AB7FA8536B1E4CCE53B5DE9A1AAA7F6D1F51CE8120F5783C30BA60393C8BB48177F7F86AB4DE81374C57550D5B30BC86E572736B4911F540ECC4BA08A8A6AB46DD3AA7463593356A410E5C87D750215B9FE5D7CBFC20EAE2C344CF2CF4B25ECCDCD57F03F3E31F1C3EDC931E8397FC94DD77F6929FA61F6038E6CEFEB584A627E25E660DB30E74CA0A33DACEB4B3CC4C3C9361702162627C3B648872EDDF23FEA9A30DFA87A87226CC52B41E48734C7E702253867BF7EE25A5BC078CF50CF054057DDAAD0C1A580E4D39F4823214E40CB82D48CCFC146B6ADEEAB5DCB5CC6DCCBD12F724876524F00C2BF35865F02B0A95480AE15BC8F697BEEF1800B6698A72A88877DB5E83136694AAFEB694A6123BA6F2A6E6B15C426E52168F0DDEE4193EEA3A806BF18DC8EAE8FAF241DF0CDC587EE6BA300CA2E36AB3319F5FE8053634662CA8BBCC999E89AFCFBFFB2F955DDC55176CC9FBD78B5E215CBA16E6A2087849E07FD83A86ECD5B588DF4F3D9127C196A1C067A64CEC272D016287A82E61922191204F13396E7892A00A688228B22AA384C3469EEE6518238F30CE378E90F3115449786A791D391F1A4D941A2653A1EAF35167E84953F680F564D7F3BEE9F2F999058900492365EF81A2890A454CA830E1531497DF541BD173487DA4365A9979D179FC79C273FC8BC273E2CBD2AF72C4696ABD3ADFBD565DE1BED277A5FF26DF41DF07B10FE22762EA8BAEFD7E26A1E89220BC92130BE4E4C4A49C180B533B96C36A091D94E7EED95EEC0505792F6927220DEBC68CAA0C116E4A96705332C24D4B299DE1D781208980C3CF31D7817DA7E3F1A6EADD5BC72C61DA986B81F00F3045280FDF662BC15401AED54F5AFA0A7507518144461B4EDBDD23CADD306771B6F26BCA713D47CFD513BAF0C2C00922AC900457190E4783195F8F1A7043477D7D71303F390E08646C461926522B44A41611619C78761C132E7EE8879F3F76EF55DFBD0F3FEBFFF2B7AF9FBAF8D1971E5C9C78EAA989B5CBFBAE39F4C1CAB53FB8EF66FFAB6F7DF2D4C2270E3EBCA3711450566AE0432E0494559ED1615CD10875D9447210759D97ABC4062A2B54348FEA49284A593091C325CA72F832AD50532351105C06D5620C3149469D644F565245A6921A43BE1AE05F603BC2781F3FAC1FF6D58051349A1C64BC47F25A489BA26DD3B829DECBBC1BE3ECDC508BBE26B022B441DB1CD8A6DD1CB829FE534D71A99A9B1331D487C9C012CBE7391C4165305A637A5435C8450E300FA328D165A0753C344FF30D19675FD638FBB294185FE712A3CD600CEA2C33FE69CB2949359F2446493DC9241DCB29B97378846850D1D7BFC962AA186A3165E92F9646632931548739AE5BCA0C259D0CB9ECE10DD6D263EA09F3C0EBEBB3CD23715CB6A5448983508748CE086CA5544FDE9D6BAF7DFAC1ABAB66047CAECEDE6D6B9A6F0DF4E47FF2AF57BCB276E58AEFEE4C1F7BF3E703F8FAC8BDDB777F77CB03819F30575CBDFCBB37DC60EC7D79D59E154BEE1B9178FEFB7DE9FFFA9070E9C5A0F9FE0DF497916C60A217956479849259704657EC4945749B83471D2006C0C43C9A4F0373C2C1B29A05BBB2E09C2C38EEC03D293662CB01C601B00598A5A9E5EC72AE93EDE2B8E292316C4DCE24769A3823774ADEE4A2A925F3D87A7171EE65A537F9DD85647D8CF0FF2207287680A40394384021711B6956660B287680A40394105FD55402956AC922A6882D291EEBA92E9C5C3CA57291912A5C50DCE25AA3AD75AF0C344536BBAED4AEF45CAD6F28EA2CDEC6DEECBA49BBD9F33DFDC6A2EB8BEFD0EEF2DC154CD8AC7E787ED2174FC6E464194E225416F371A347255113D094367C73FCA638132F0E69C31325C5B8980FF1843BAB4456F189E172221162295D95033535C0615F1A2865551EB77EC1B8282E726B2E3E3F273711974481631901171715409A00B6C1F09849E6F76D311C3B1E42C32957F091141D1B780E5E8ADBF14E2C80D6BADB5487270CBFFFC205A4629E88068DDC91A6400F2E91874C2F396B7AC90EB1EC4BC9495486CB884B85B8E3CAA86F905456161B9DEF6802F98E0290EF189080239CF481B0A16FF9E8706814F8D2F490D7C164225AC8A8E597D355B2869947A9154166DE2C6A6BCECCD812441CC10C2C3F4A4E2709A6BC6182B91A0C603D282ED98E3C3CC4AB87A8D322C1C0542473B1245954924C8EA9B6A66358B4DC748170880BD3D90916475172F17E6DC92FAF6E7B62DE9CC5E7A55B2E6D5E75CD17FFF2D057DBF8039EA71EDFFD40CD78FCD6C2AD576E3BF3E397D37FBF17FF416FFDDE6517764E9EB2AA30DC583EEEA1A6B69FAF68FECD75EE5BBE7FDDE5B3ABAAD6969EB777E386573BBB3E06F2B864E01897C35D804AD138E65DB342D6E461512D36AC4C1B36AC461B1B1C179F306CDAB006AD61D81AAD79D8D291376BDBCA7E18FA51EC712D586A896F6A481EB3DC158F449F28DD177DAEF450F4D5D2DF05DF2995268770820C8E97109B8FBA67794A7863C8B8CF26505E382F525E31ACBA86ABA998C65D5C9192EACB574ACDE51BD5EDA08F7FA57D55EE1D57EDC69C5E59541D1E9D1F882C296B2B63CA722ADD75EEDBDCF7BB07DCFCFDEEA7DD9FBB59F773607E5062D99F72ABB625F489631B9D34A9DFD84DB51BB740F43577D2F1FF4728CDEC4DB9DD392C98924F802D67F108772A52A128172E88DC09DA8388327D41534A94D139ACABAC516F4440B1A7B29622BFCC5A6BB417104D570A0954592CCE2F220468B3934F890B1B20EA4F2E22761BD1878A88BA46F009C09FC84A3D40B4C145CEBA7C512F73B9E92E31896C319223934F27F91A987194AE81CDBC690199C58FEE547214796E6A64E5A3A6AF86D955836BC2442691C2C3964565CAA97071A4A0D2D1972B9D995469AF8A785395452F0AAF0A4C9E50273042C031DA02191BCB2A6704D87104FD02755908744D5A5049CFC8595820D0B513816ACBC2A8F1596B9320EEAC19065A31F186534B3EB35A4D1DE5E51F7C40B8D5519880707BD4D210332FAFB7F8972315E94A7539F516A2F5C5642AD189368EFE8EA92EB104E1058CED250F0642E1C2242B886E2648175220135BBBE2D9354F1FBCA8F3E2316BDF5E85ABA6ECB87673EEEE48EB6B37ED78628E2E870B0EE684971D6A5B3C7A5DF3EA0793B9D72F98FAB31B675D372BE0D66245C54AEBF0F3EBD747D6DF32DD6CBC64C41527CEDC78FE78FC4E698E5E3AB3F2E2A597CF3,'pdf',2,1;
